id	sequence	bind_res
1C0A:A	MRTEYCGQLRLSHVGQQVTLCGWVNRRRDLGSLIFIDMRDREGIVQVFFDPDRADALKLASELRNEFCIQVTGTVRARDEKNINRDMATGEIEVLASSLTIINRADVLPLDSNHVNTEEARLKYRYLDLRRPEMAQRLKTRAKITSLVRRFMDDHGFLDIETPMLTKATPEGARDYLVPSRVHKGKFYALPQSPQLFKQLLMMSGFDRYYQIVKCFRDEDLRADRQPEFTQIDVETSFMTAPQVREVMEALVRHLWLEVKGVDLGDFPVMTFAEAERRYGSDKPDLRNPMELTDVADLLKSVEFAVFAGPANDPKGRVAALRVPGGASLTRKQIDEYGNFVKIYGAKGLAYIKVNERAKGLEGINSPVAKFLNAEIIEDILDRTAAQDGDMIFFGADNKKIVADAMGALRLKVGKDLGLTDESKWAPLWVIDFPMFEDDGEGGLTAMHHPFTSPKDMTAAELKAAPENAVANAYDMVINGYEVGGGSVRIHNGDMQQTVFGILGINEEEQREKFGFLLDALKYGTPPHAGLAFGLDRLTMLLTGTDNIRDVIAFPKTTAAACLMTEAPSFANPTALAELSIQVVK	000000000000000000000000000001101000000000000000000000000000000000000000000000000000000000000000000000000000111001000010000000000000000000000000000000000000000000000000000110000000000000000000000000000000000000000000000000000000000000000000000000000000000000000000000000000000000000000000000000000000000000000000000000000000000000000000000000000000000000000000000000000000000000000000000000000000000000000000000000000000000000000000000000000000000010000000000000000000000000000000000000000000000000000000000000000000000000000000000000000000000000000000000000000000000000000000000000000
1F7U:A	ASTANMISQLKKLSIAEPAVAKDSHPDVNIVDLMRNYISQELSKISGVDSSLIFPALEWTNTMERGDLLIPIPRLRIKGANPKDLAVQWAEKFPCGDFLEKVEANGPFIQFFFNPQFLAKLVIPDILTRKEDYGSCKLVENKKVIIEFSSPNIAKPFHAGHLRSTIIGGFLANLYEKLGWEVIRMNYLGDWGKQFGLLAVGFERYGNEEALVKDPIHHLFDVYVRINKDIEEEGDSIPLEQSTNGKAREYFKRMEDGDEEALKIWKRFREFSIEKYIDTYARLNIKYDVYSGESQVSKESMLKAIDLFKEKGLTHEDKGAVLIDLTKFNKKLGKAIVQKSDGTTLYLTRDVGAAMDRYEKYHFDKMIYVIASQQDLHAAQFFEILKQMGFEWAKDLQHVNFGMVQGMSTRKGTVVFLDNILEETKEKMHEVMKKNENKYAQIEHPEEVADLVGISAVMIQDMQGKRINNYEFKWERMLSFEGDTGPYLQYAHSRLRSVERNASGITQEKWINADFSLLKEPAAKLLIRLLGQYPDVLRNAIKTHEPTTVVTYLFKLTHQVSSCYDVLWVAGQTEELATARLALYGAARQVLYNGMRLLGLTPVERM	000000000000000000000000000000000000000000000000000000000000000000000010000000000000000000000000000000000000000000000000000000000000000000000000000000000000000000000000000000000000000000000000000000000000000000000000000000000000000000000000000000000000000000000000000000000000000000000000000000000000000000000000000000000000000000000001001000000000000000000000000000000000100000000000000000000000000000000000000000000000000000000000000000000000000000000000000000010000000000000001111000000000010001000000000000000000000000000000000000000000000000000000000000000000000001000000000000000000000000000000000000
1F7Y:A	PITKEEKQKVQEFARFPGDTGSTEVQVALLTLRINRLSEHLKVHKKDHHSHRGLLVGQRRRLLRYLQREDPERYRLIEKLGI	0000000000000000001111111111000000000000000111111111111000000011111000000000000000
1FJG:H	MLTDPIADMLTRIRNATRVYKESTDVPASRFKEEILRILAREGFIKGYERVDVDGKPYLRVYLKYGPRRQGPDPRPEQVIHHIRRISKPGRRVYVGVKEIPRVRRGLGIAILSTSKGVLTDREARKLGVGGELICEVW	111100000011001000100000000000000000000000000000000000000000000000000000000000000000000000000001000000000000000011101100000000001110000000
1FJG:L	PTINQLVRKGREKVRKKSKVPALKGAPFRRGVCTVVRTVTPKKPNSALRKVAKVRLTSGYEVTAYIPGEGHNLQEHSVVLIRGGRVKDLPGVRYHIVRGVYDAAGVKDRKKSRSKYGTKKPKEAA	00000000011111111000000111111111100000000110111111000000000000000000000000000000111011100000000000000000000000001111111111000
1FJG:Q	PKKVLTGVVVSDKMQKTVTVLVERQFPHPLYGKVIKRSKKYLAHDPEEKYKLGDVVEIIESRPISKRKRFRVLRLVESGRMDLVEKYLIRRQNYQSLSKRGGKA	11100000000011110000000000001111000111000000000000000000000101111110000000000000000000000110000111111111
1FJG:T	RNLSALKRHRQSLKRRLRNKAKKSAIKTLSKKAVQLAQEGKAEEALKIMRKAESLIDKAAKGSTLHKNAAARRKSRLMRKVRQLLEAAGAPLIGGGLSA	000010000101000010101000010100000000000000000110010011001111110100110010011101111110100111110111111
1GAX:A	MDLPKAYDPKSVEPKWAEKWAKNPFVANPKSGKPPFVIFMPPPNVTGSLHMGHALDNSLQDALIRYKRMRGFEAVWLPGTDHAGIATQVVVERLLLKEGKTRHDLGREKFLERVWQWKEESGGTILKQLKRLGASADWSREAFTMDEKRSRAVRYAFSRYYHEGLAYRAPRLVNWCPRCETTLSDLEVETEPTPGKLYTLRYEVEGGGFIEIATVRPETVFADQAIAVHPEDERYRHLLGKRARIPLTEVWIPILADPAVEKDFGTGALKVTPAHDPLDYEIGERHGLKPVSVINLEGRMEGERVPEALRGLDRFEARRKAVELFREAGHLVKEEDYTIALATCSRCGTPIEYAIFPQWWLRMRPLAEEVLKGLRRGDIAFVPERWKKVNMDWLENVKDWNISRQLWWGHQIPAWYCEDCQAVNVPRPERYLEDPTSCEACGSPRLKRDEDVFDTWFSSALWPLSTLGWPEETEDLKAFYPGDVLVTGYDILFLWVSRMEVSGYHFMGERPFKTVLLHGLVLDEKGQKMSKSKGNVIDPLEMVERYGADALRFALIYLATGGQDIRLDLRWLEMARNFANKLYNAARFVLLSREGFQAKEDTPTLADRFMRSRLSRGVEEITALYEALDLAQAAREVYELVWSEFCDWYLEAAKPALKAGNAHTLRTLEEVLAVLLKLLHPMMPFLTSELYQALTGKEELALEAWPEPGGRDEEAERAFEALKQAVTAVRALKAEAGLPPAQEVRVYLEGETAPVEENLEVFRFLSRADLLPERPAKALVKAMPRVTARMPLEGLLDVEEWRRRQEKRLKELLALAERSQRKLASPGFREKAPKEVVEAEEARLKENLEQAERIREALSQIG	0000000000000000000000000000000000000000000000000000000000000000000000000000000000000000000000000000000000000000000000000000000000000000000000000000000000000000000000000000000000000000000000000000000000000000000001000000000000000000000000000000000000000000000000010000100000000100000000000000000000000000000000000000000000000000000000000000000000000000000000000000000000000000000000000000000000000000000000000000000000000000000000000000000000000000000000000000000000000000000000000000000000000000000000000000000000000000000000000000000000000000000000000000000000000000000000001000000110110000000000000000000000000000000000000000000000000000000000000000000000000000000000000000000000000000000000000000000000000000000000000000000000100100000000000000000000000000000000000000000000000000000000000000000000000000000000000000000000110011000000000000000000000000000000
1JJ2:I	AEFDADVIVDARDCIMGRVASQVAEQALDGETVAVVNAERAVITGREEQIVEKYEKRVDIGNDNGYFYPKRPDGIFKRTIRGMLPHKKQRGREAFESVRVYLGNPYDEDGEVLDGTSLDRLSNIKFVTLGEISETLGANKTW	0000000000000000100010000000000000000000000000000000000000011001110000000000000001111000000000000000000000000000000000000000000000000000100000
1MJI:A	LDVALKRKYYEEVRPELIRRFGYQNVWEVPRLEKVVINQGLGEAKEDARILEKAAQELALITGQKPAVTRAKKSISNFKLRKGMPIGLRVTLRRDRWIFLEKLLNVALPRIRDFRGLNPNSFDGRGNYNLGLREQLIFPEITYDMVDALRGDIAVVTTAETDEEARALLELLGFPFRK	0000000000000000000000001011110000000101011010000000000000000001111010000000010000000110011110000000000000000000000000001111100011111110000000000000001111010000000000000000000000
1N32:P	MVKIRLARFGSKHNPHYRIVVTDARRKRDGKYIEKIGYYDPRKTTPDWLKVDVERARYWLSVGAQPTDTARRLLRQAGVFRQE	11000000011000000000000010010000000000000101000000000000000001110001100100000000111
1N35:A	SSMILTQFGPFIESISGITDQSNDVFEDAAKAFSMFTRSDVYKALDEIPFSDDAMLPIPPTIYTKPSHDSYYYIDALNRVRRKTYQGPDDVYVPNCSIVELLEPHETLTSYGRLSEAIENRAKDGDSQARIATTYGRIAESQARQIKAPLEKFVLALLVAEAGGSLYDPVLQKYDEIPDLSHNCPLWCFREICRHISGPLPDRAPYLYLSAGVFWLMSPRMTSAIPPLLSDLVNLAILQQTAGLDPSLVKLGVQICLHAAASSSYSWFILKTKSIFPQNTLHSMYESLEGGYCPNLEWLEPRSDYKFMYMGVMPLSAKYARSAPSNDKKARELGEKYGLSSVVGELRKRTKTYVKHDFASVRYIRDAMACTSGIFLVRTPTETVLQEYTQSPEIKVPIPQKDWTGPIGEIRILKDTTSSIARYLYRTWYLAAARMAAQPRTWDPLFQAIMRSQYVTARGGSGAALRESLYAINVSLPDFKGLPVKAATKIFQAAQLANLPFSHTSVAILADTSMGLRNQVQRRPRSIMPLNVPQQQVSAPHTLTADYINYHMNLSPTSGSAVIEKVIPLGVYASSPPNQSINIDISACDASITWDFFLSVIMAAIHEGVASSSIGKPFMGVPASIVNDESVVGVRAARPISGMQNMIQHLSKLYKRGFSYRVNDSFSPGNDFTHMTTTFPSGSTATSTEHTANNSTMMETFLTVWGPEHTDDPDVLRLMKSLTIQRNYVCQGDDGLMIIDGTTAGKVNSETIQNDLELISKYGEEFGWKYDIAYDGTAEYLKLYFIFGCRIPNLSRHPIVGKERANSSAEEPWPAILDQIMGVFFNGVHDGLQWQRWIRYSWALCCAFSRQRTMIGESVGYLQYPMWSFVYWGLPLVKAFGSDPWIFSWYMPTGDLGMYSWISLIRPLMTRWMVANGYVTDRCSTVFGNADYRRCFNELKLYQGYYMAQLPRNPKKSGRAASREVREQFTQALSDYLMQNPELKSRVLRGRSEWEKYGAGIIHNPPSLFDVPHKWYQGAQEAAIATREELAEMDETLMRARRHSYSSFSKLLEAYLLVKWRMCEAREPSVDLRLPLCAGIDPLNSDPFLKMVSVGPMLQSTRKYFAQTLFMAKTVSGLDVNAIDSALLRLRTLGADKKALTAQLLMVGLQESEADALAGKIMLQDVNTVQLARVVNLAVPDTWMSLDFDSMFKHHVKLLPKDGRHLNTDIPPRMGWLRAILRFLGAGMVMTATGVAVDIYLEDIHGGGRSLGQRFMTWMRQEGR	0000000000000000000000000000000000000000000000000000000000000000000000000000000000000000000000000000000000000000000000000000000000000000000000000000000000000000000000000000000000000000000000000000000000000000000000000000000000000000000000000000000000000000000000000000000000000000000000000000000000000000000000000000000000000000000000000000000000000000000000000000000000000000000000000000000000000000000000000000000000000000000000000000000000000000000000000000000000000000000000000000000000000000000000000000000000100000000000111000000000000000000000000000011110000000000000000000000000000000000000000000000000000000000000000000000000000000000000000000000000000000000000000000000001110000000000000000000000000000000000000000000000000000000000000000000000000000000000000000000000001000000000000000000000000000000000000100000000000000000000000000000000000000000000000000000000000000000000000000000000000000000000000000000000000000000000000000000000000000000000000000000000000000000000000000000000000000000000000000000000000000000000000000000000000000000000000000000000000000000000000000000000000000000000000000000000000000000000000000000000000000000000000000000000000000000000000000000000000000000000000000000000000000000000000000000000000000000000000000000000000000
1RPU:A	DTREQANGERWDGGSGGITSPFKLPDESPSWTEWRLYNDENPLGFKESWGFGKVVFKRYLRYDRTEASLHRVLGSWTGDSVNYAASRFLGANQVGCTYSIRFRGVSVTISGGSRTLQHLCEMAIRSKQELLQLTPVEV	000000000000000000000000000011100100000000000000000010000000000000000000000000000000000000000110100000000000011100000000000000000000000000
1S72:1	TGAGTPSQGKKNTTTHTKCRRCGEKSYHTKKKVCSSCGFGKSAKRRDYEWQSKAGE	11111101111110001111111000000000000000001100000001000000
1S72:D	FHEMREPRIEKVVVHMGIGHANAEDILGEITGQMPVRTKAKRTVGEFDIREGDPIGAKVTLRDEMAEEFLQTALPLAELATSQFDDTGNFSFGLDVTVNLVRPGYRVAKRDKASRSIPTKHRLNPADAVAFIESTYDVEV	10011000000000101000000000000000011100000000000000000001001110000000000000000000001111000111111010000001000000000000000000000000000000000000
1S72:L	TSKKKRQRGSRTHGGGSHKNRRGAGHRGGRGDAGRDKHEFHNHEPLGKSGFKRPQKVQEEAATIDVREIDENVTLLAADDVAEFRVDVRDVVEEADDADYVKVLGAGQVRHELTLIADDFSEGAREKVEGAGGSVELTDLGEERQ	0000000111110001100000001101111100001111000001110111011000000000000000000000000000000000000000000000000001100000000000000000000000000000000000000
1S72:P	TDLSAQKRLAADVLDVGKNRVWFNPERQGDIADAITREDVRELVDEGAIQAKDKKGNSRGRARERQKKRAYGHQKGAGSRKGKAGARQNSKEDWESRIRAQRTKLRELRDEGTLSSSQYRDLYDKAGGGEFDSVADLERYIDA	11100000000000000000000010000000000000000000000000000001100000000100000000001101110001010000001000000000000000000000000000001001100000000000000
1S72:R	GISYSVEADPDTTAKAMLRERQMSFKHSKAIAREIKGKTAGEAVDYLEAVIEGDQPVPFKQHNSGVGHKSKVDGWDAGRYPEKASKAFLDLLENAVGNADHQGFDGEAMTIKHVAAHKVGEQQGRKPRAMGRASAWNSPQVDVELILEEP	011010000000000110000000000000000000000000000000000000000000000000110000001100000000000000000100110000000000000000111000000000101111101100000000000000
1S72:Y	TELQARGLTEKTPDLSDEDARLLTQRHRVGKPQFNRQDHHKKKRVSTSWRKPRGQLSKQRRGIKGKGDTVEAGFRSPTAVRGKHPSGFEEVRVHNVDDLEGVDGDTEAVRIASKVGARKRERIEEEAEDAGIRVLNPTYVEV	0000000000000000000000000000000000000000000000000000000000000111111101111111110001100000000000000000000000000000011111010000000000000000000000
1VQ4:P	TDLSAQKRLAADVLDVGKNRVWFNPERQGDIADAITREDVRELVDEGAIQAKDKKGNSRGRARERQKKRAYGHQKGAGSRKGKAGARQNSKEDWESRIRAQRTKLRELRDEGTLSSSQYRDLYDKAGGGEFDSVADLERYIDA	11110000000000000000000011000000000000000000000000000001110000000110000000001111111001111000001100000000000000000000000000001101110000000000000
1VQK:T	SKQPDKQRKSQRRAPLHERHKQVRATLSADLREEYGQRNVRVNAGDTVEVLRGDFAGEEGEVINVDLDKAVIHVEDVTLEKTDGEEVPRPLDTSNVRVTDLDLEDEKREARLESEDDSA	01000011000000011000000000000000000000000000000000001000000000000000000000000010111000001000010000000000000000000000000
1VQL:Q	PSSNGPLEGTRGKLKNKPRDRGTSPPQRAVEEFDDGEKVHLKIDPSVPNGRFHPRFDGQTGTVEGKQGDAYKVDIVDGGKEKTIIVTAAHLRRQE	00001110001000000000000000000000000000010000010000000000111100000011000000000100000010000000011
1VY4:B5	AKHPVPKKKTSKARRDARRSHHALTPPTLVPCPECKAMKPPHTVCPECGYYAGRKVLEV	11111111110010001101000000000100100000001000000000010000000
1VY4:B7	MKRTWQPNRRKRAKTHGFRARMRTPGGRKVLKRRRQKGRWRLTPAVRK	111111110100110001000000000000000000111000000001
1VY4:BD	AVKKFKPYTPSRRFMTVADFSEITKTEPEKSLVKPLKKTGGRNNQGRITVRFRGGGHKRLYRIIDFKRWDKVGIPAKVAAIEYDPNRSARIALLHYVDGEKRYIIAPDGLQVGQQVVAGPDAPIQVGNALPLRFIPVGTVVHAVELEPKKGAKLARAAGTSAQIQGREGDYVILRLPSGELRKVHGECYATVGAVGNADHKNIVLGKAGRSRWLGRRPHVRGAAMNPVDHPHGGGEGRAPRGRPPASPWGWQTKGLKTRKRRKPSSRFIIARRKK	00000011110000000000000000000000000000011111011111100000110000000000000000000000000000000000000011111000000000000000000000000000000000000000000000111110111001110000000000000000111000000000000000000001110011111101110001100001110000000010111101111011110011111000000100000000000
1VY4:BF	VYQIPVLSPSGRRELAADLPAEINPHLLWEVVRWQLAKRRRGTASTKTRGEVAYSGRKIWPQKHTGRARHGDIGAPIFVGGGVVFGPKPRDYSYTLPKKVRKKGLAMAVADRAREGKLLLVEAFAGVNGKTKEFLAWAKEAGLDGSESVLLVTGNELVRRAARNLPWVVTLAPEGLNVYDIVRTERLVMDLDAWEVFQNRIG	0000000000000000000000000000000000000010101110000100100000000001001111000000111000001100000000011001000000000000000000000000000010100000000000000000000000000001000101000000001100000000000000000000000000
1VY4:BQ	MLMPRRMKYRKQQRGRLKGATKGGDYVAFGDYGLVALEPAWITAQQIEAARVAMVRHFRRGGKIFIRIFPDKPYTKKPLEVRMGKGKGNVEGYVAVVKPGRVMFEVAGVTEEQAMEALRIAGHKLPIKTKIVRRDAYDEAQ	000000110000000000000000000000000000000000000100100000000000000001100000000000010011110000000000000000000000000000000000001111000000000000000
1VY4:DU	PRAKTGVVRRRKHKKILKLAKGYWGLRSKSFRKARETLFAAGNYAYAHRKRRKRDFRRLWIVRINAACRQHGLNYSTFIHGLKKAGIEVDRKNLADLAVREPQVFAELVERAKAAQ	11100000000000000000010000000001000100001001100100010001010000000000000000011000000000000010000000000000000000000000
1VY7:AK	QVASGRAYIHASYNNTIVTITDPDGNPITWSSGGVIGYKGSRKGTPYAAQLAALDAAKKAMAYGMQSVDVIVRGTGAGREQAIRALQASGLQVKSIVDDTPVPHNGCRPKKKFR	000000000000000010100000111110000011110000000000000000000000000000000000000000000000000000000000000001111111000011
1VY7:B1	SKVCEISGKRPIVANSIQRRGKAKREGGVGKKTTGISKRRQYPNLQKVRVRVAGQEITFRVAASHIPKVYELVERAKGLKLEGLSPKEIKKELLKLL	1000000000000111000000000001110011100000111110000000000000000001100000000011111100000000000000000
1WMQ:A	TLHKERRIGRLSVLLLLNSTQVEELERDGWKVCLGKVGSMDAHKVIAAIETASKKSGVIQSEGYRESHALYHATMEALHGVTRGEMLLGSLLRTVGLRFAVLRGNPYESEAEGDWIAVSLYGTIGAPIKGLEHETFGVGINHI	00000000000000000000000000000000001111100000001100110000000000000000000000000000000000000000011111000000000000000000000000000011000000000000000
1YIT:I	GVPPTAELIKDEAGFETGSGEPQEDFVADLSVDQVKQIAEQKHPDLLSYDLTNAAKEVVGTCTSLGVTIE	0000000000000000011111101110000000000000000001111011100111011101110001
2ATW:A	FSTREGEIVAGVIQRDSRANARGLVVVRIGTETKASEGVIPAAEQVPGESYEHGNRLRCYVVGVTRGAREPLITLSRTHPNLVRKLFSLEVPEIADGSVEIVAVAREAGHRSKIAVRSNVAGLNAKGACIGPMGQRVRNVMSELSGEKIDIIDYDDDPARFVANALSPAKVVSVSVIDQTARAARVVVPDFQLSLAIGKEGQNARLAARLTGWRIDIRGDAPP	0000000000000000000000000000000000000000000000000000000000000000000000000000000000000000000000000000000000000000000000000000001101110100000000000000110000000000000000010000000000000000000000000110100010001000000000000000000
2BH2:A	QIITVSVNDLDSFGQGVARHNGKTLFIPGLLPQENAEVTVTEDKKQYARAKVVRRLSDSPERETPRCPHFGVCGGCQQQHASVDLQQRSKSAALARLMKHDVSEVIADVPWGYRRRARLSLNYLPKTQQLQMGFRKAGSSDIVDVKQCPILAPQLEALLPKVRACLGSLQAMRHLGHVELVQATSGTLMILRHTAPLSSADREKLERFSHSEGLDLYLAPDSEILETVSGEMPWYDSNGLRLTFSPRDFIQVNAGVNQKMVARALEWLDVQPEDRVLDLFCGMGNFTLPLATQAASVVGVEGVPALVEKGQQNARLNGLQNVTFYHENLEEDVTKQPWAKNGFDKVLLDPARAGAAGVMQQIIKLEPIRIVYVSCNPATLARDSEALLKAGYTIARLAMLDMFPHTGHLESMVLFSRV	0000000000000000000000100000000000000000000001000000000000000000000000000110000000000000000000000000000000000000000000000000000000000110111000000000000000000000000000000000000110000000000000000000000000000000000000000000000000000000000000000000000000000000000000000000000000000000000000000000000000000000000000000000000000000000000000000000000000000000000000000000000000000000010000000000000000000000000000000000000000
2EZ6:A	MLEQLEKKLGYTFKDKSLLEKALTHVSYSKKEHYETLEFLGNALVNFFIVDLLVQYSPNKREGFLSPLKAYLISEEFFNLLAQKLELHKFIRIKRGKINETIIGDVFEALWAAVYIDSGRDANFTRELFYKLFKEDILSAIKEGRVKKDYKTILQEITQKRWKERPEYRLISVEGPHHKKKFIVEAKIKEYRTLGEGKSKKEAEQRAAEELIKLLEES	00000000000000000000000000100000000000000000000000000000000000100110010000000000000000000000001100000000000000000000000000000000000000000000000000000001000100100010000000000000111000000000000000000000000000000000000000
2FMT:A	SESLRIIFAGTPDFAARHLDALLSSGHNVVGVFTQPDRPAGRGKKLMPSPVKVLAEEKGLPVFQPVSLRPQENQQLVAELQADVMVVVAYGLILPKAVLEMPRLGCINVHGSLLPRWRGAAPIQRSLWAGDAETGVTIMQMDVGLDTGDMLYKLSCPITAEDTSGTLYDKLAELGPQGLITTLKQLADGTAKPEVQDETLVTYAEKLSKEEARIDWSLSAAQLERCIRAFNPWPMSWLEIEGQPVKVWKASVIDTATNAAPGTILEANKQGIQVATGDGILNLLSLQPAGKKAMSAQDLLNSRREWFVPGNRLV	00000000000100000000000000000000000000111001000000000000000000000000000000000000000000000000000000000000000000000000000100000000000000000000000000000000000000000000000000000000000000000000000000000000000000000000000000000000000000000000000000000000000000000000000000000000000000000000000011100000011011000000001000
2HVY:A	RILPADIKREVLIKDENAETNPDWGFPPEKRPIEMHIQFGVINLDKPPGPTSHEVVAWIKKILNLEKAGHGGTLDPKVSGVLPVALEKATRVVQALLPAGKEYVALMHLHGDVPEDKIIQVMKEFEGEIIQRPPLLRTRKVYYIEVLEIEGRDVLFRVGVEAGTYIRSLIHHIGLALGVGAHMSELRRTRSGPFKEDETLITLHDLVDYYYFWKEDGIEEYFRKAIQPMEKAVEHLPKVWIKDSAVAAVTHGADLAVPGIAKLHAGIKRGDLVAIMTLKDELVALGKAMMTSQEMLEKTKGIAVDVEKVFMPRDWYPKLW	00000000000000000000000000000000000000000000000011001101100110000000110110100000000000000000010010000000000000000000000000000000000000000000000000000000000000000000000000000000000000000000000000000000000000000000000000000000000000000000000000011001101110111111001000000000000000000000000000000000000100010000000000000001
2I82:A	ENYNPPQEPWLVILYQDDHIVVNKPSGLLSVPGRLEEHKDSVTRIQRDYPQAESVHRLDATSGVIVVALTKAAERELKRQFREREPKKQYVARVWGHPSPAEGLVDLPLICDWPNRPKQKVCYETGKPAQTEYEVVEYAADNTARVVLKPITGRSHQLRVHLALGHPILGDRFYASPEARAAPRLLLHAELTITHPAYGNSTFKAPADF	00000000000000000000000000000000000000000000000000000001110000000000000000000000010000000000000000000000000000000001100000000000000000000000000000000000111110000000000000000000000000000000000000000000000000000
2QA4:M	ARSAYSYIRDAWENPGDGQLAELQWQRQQEWRNEGAVERIERPTRLDKARSQGYKAKQGVIVARVSVRKGSARKRRHKAGRRSKRQGVTRITRRKDIQRVAEERASRTFPNLRVLNSYSVGQDGRQKWHEVILIDPNHPAIQNDDDLSWICADDQADRVFRGLTGAGRRNRGLSGKGKGSEKTRPSLRSNGGKA	11000000000011000000000000000000000000000000000000111000010000000000111111110001111101100111111000000000000011110000000000111100000000110001100000000000010000011110000000011001111100001110000111
2RD2:A	TNFIRQIIDEDLASGKHTTVHTRFPPEPNGYLHIGHAKSICLNFGIAQDYKGQCNLRFDDTNPVKEDIEYVESIKNDVEWLGFHWSGNVRYSSDYFDQLHAYAIELINKGLAYVDELTPEQIREYRGTLTQPGKNSPYRDRSVEENLALFEKMRAGGFEEGKACLRAKIDMASPFIVMRDPVLYRIKFAEHHQTGNKWCIYPMYDFTHCISDALEGITHSLRTLEFQDNRRLYDWVLDNITIPVHPRQYEFSRLNLEYTVMSKRKLNLLVTDKHVEGWDDPRMPTISGLRRRGYTAASIREFCKRIGVTKQDNTIEMASLESCIREDLNENAPRAMAVIDPVKLVIENYQGEGEMVTMPNHPNKPEMGSRQVPFSGEIWIDRADFREEANQYKRLVLGKEVRLRNAYVIKAERVEKDAEGNITTIFCTYDADTLGVIHWVSAAHALPVEIRLYDRLFSVPNPGAADDFLSVINPESLVIKQGFAEPSLKDAVAGKAFQFEREGYFCLDSRHSTAEKPVFNRTVGLRDT	000000000000000000000000000000000000000000000000000000000000000000000000000000000000000000000000000000000000000000000010000000011110000000000000000000000000000000000000000001110000000011000000000000000000000000000000000000001101100000000000000000000000000000000000000000000000000000000000000000000000000001100011001110110000000000000000000000000000000000000000000000000000000000000000000000000000000000011100000000000000000000000000000110000000000000000000000000000000000000000000000000000000000000011100000000000000000000000000
2ZJR:B	MKGILGTKIGMTQIWKNDRAIPVTVVLAGPCPIVQRKTAQTDGYEAVQIGYAPKAERKVNKPMQGHFAKAGVAPTRILREFRGFAPDGDSVNVDIFAEGEKIDATGTSKGKGTQGVMKRWNFAGGPASHGSKKWHRRPGSIGQRKTPGRVYKGKRMAGHMGMERVTVQNLEVVEIRAGENLILVKGAIPGANGGLVVLRSAAKAS	0000000000111000000001000000000000000000010000000000000000001110110000000000000000000000000000000000000000000001111000000000000110101100011111110001110000011110000000110000000000000000011010100000000000000
2ZJR:E	GKQPIAVPSGVTVNAQDGVFKVKGPKGELTVPYNTELTVRQDGDQLLVERPSDAQKHRALHGLTRTLVANAVKGVSDGYTINLELRGVGFRAKLTGKALEMNIGYSHPVIIEPPAGVTFAVPEPTRIDVSGIDKQLVGQVAANVRKVRKPDAYHGKGVRFVGEQIALKAGK	000000000000000000000000000000000000000000000000000000100110011001100000000000000000000000000000000000001110111000000000000000000000001001100110000000000000000000000000011
2ZJR:G	KTYIPKNDEQNWVVVDASGVPLGRLATLIASRIRGKHRPDFTPNMIQGDFVVVINAAQVALTGKKLDDKVYTRYTGYQGGLKTETAREALSKHPERVIEHAVFGMLPKGRQGRAMHTRLKVYAGETHPHSAQKPQVLKTQPL	0000000000000000000000100010000000000000001100000000000000000000000000010100010011000000000000000000100111100000000000000000000010101100000000
2ZJR:I	HDLKPTPGSRKDRKRVGRGPGGTDKTAGRGHKGQKSRSGAGKGAFFEGGRSRLIARLPKRGFNNVGTTYEVVKLSQLQDLEDTTFDRDTLEAYRLVRRKNRPVKLLASGEISRAVTVHVDAASAAAIKAVEAAGGRVVLPE	100111011110000011111000100001010100010110000011110000111000110000000000000000000000000000000000000000000000000000000000000000000000000000000
2ZJR:P	FRNKKQRKQQVKLRKPGFAVAKYVRMSPRKVRLVVDVIRGKSVQDAEDLLRFIPRSASEPVAKVLNSAKANALHNDEMLEDRLFVKEAYVDAGPTLKRLIPRARGSANIIKKRTSHITIIVAEKGNK	0000000000000000001111000111100000000000000000000000000000000000011001101110110001000000001000000100101110000111000000000000011
2ZJR:T	AHKKGVGSSKNGRDSNPKYLGVKKFGGEVVKAGNILVRQRGTKFKAGQGVGMGRDHTLFALSDGKVVFINKGKGARFISIEAAQ	000001010000000000000000111100011110000111000000000010100000100000000000000000000000
2ZZM:A	PLCLKINKKHGEQTRRILIENNLLNKDYKITSEGNYLYLPIKDVDEDILKSILNIEFELVDKELEEKKIIKKPSFREIISYRKEIDEGLISLSYDVVGDLVILQISDEVDEKIRKEIGELAYKLIPCKGVFRRKSEVKGEFRVRELEHLAGENRTLTIHKENGYRLWVDIAKVYFSPRLGGERARIMKKVSLNDVVVDMFAGVGPFSIACKNAKKIYAIDINPHAIELLKNIKLNKLEHKIIPILSDVREVDVKGNRVIMNLPKFAHKFIDKALDIVEEGGVIHYYTIGKDFDKAIKLFEKKCDCEVLEKRIVSYAPREYILALDFKIN	00000001111100000000000000000000000000000000000000000000000000000000000000000000000000000000000000000000000000000000000000000000000000000000000000000000000000001000000000000000010010000000000000000000000000000000000000000000000000000000000000000000000000000000000000000000000000000000000000000000000000000000000000111000000000000
3A6P:A	AMDQVNALCEQLVKAVTVMMDPNSTQRYRLEALKFCEEFKEKCPICVPCGLRLAEKTQVAIVRHFGLQILEHVVKFRWNGMSRLEKVYLKNSVMELIANGTLNILEEENHIKDALSRIVVEMIKREWPQHWPDMLIELDTLSKQGETQTELVMFILLRLAEDVVTFQTLPPQRRRDIQQTLTQNMERIFSFLLNTLQENVNKYQQVKTDTSQESKAQANCRVGVAALNTLAGYIDWVSMSHITAENCKLLEILCLLLNEQELQLGAAECLLIAVSRKGKLEDRKPLMVLFGDVAMHYILSAAQTADGGGLVEKHYVFLKRLCQVLCALGNQLCALLGADSDVETPSNFGKYLESFLAFTTHPSQFLRSSTQMTWGALFRHEILSRDPLLLAIIPKYLRASMTNLVKMGFPSKTDSPSCEYSRFDFDSDEDFNAFFNSSRAQQGEVMRLACRLDPKTSFQMAGEWLKYQLSTFSLCSVFSPSFVQWEAMTLFLESVITQMFRTLNREEIPVNDGIELLQMVLNFDTKDPLILSCVLTNVSALFPFVTYRPEFLPQVFSKLFSSVTFETEESKAPRTRAVRNVRRHACSSIIKMCRDYPQLVLPNFDMLYNHVKQLLSNELLLTQMEKCALMEALVLISNQFKNYERQKVFLEELMAPVASIWLSQDMHRVLSDVDAFIAYVGTDQKDPGLEDPCGLNRARMSFCVYSILGVVKRTCWPTDLEEAKAGGFVVGYTSSGNPIFRNPCTEQILKLLDNLLALIRTHNTLYAPEMLAKMAEPFTKALDMLDAEKSAILGLPQPLLELNDSPVFKTVLERMQRFFSTLYENCFHILGKAGPSMQQDFYTVEDLATQLLSSAFVNLNNIPDYRLRPMLRVFVKPVLFCPPEHYEALVSPILGPLFTYLHMRLSQKWQVINQRESQEMLEEQLVRMLTREVMDLITVCCVSELTDLGKCLMKHEDVCTALLITAFNSLAWKDTLSCQRTTSQLCWPLLKQVLSGTLLADAVTWLFTSVLKGLQMHGQHDGCMASLVHLAFQIYEALRPRYLEIRAVMEQIPEIQKDSLDQFDCKLLNP	00000000000000000000000000000000000000000000000000000000000000000000000000000000000000000000000000000000000000000000000000000000000000000000000000000000000000000000000000000000000000000000000000000000000000000000000000000000000000000000000000000000000000000000000000000000000001100000000000000000000000000000000000000000000000000000000000000000000000000000000000000000000000000000000000000000000000000000000000000000000000000000000000000001001100000000000000000000000000000000000000000000000000000000000000000000000000000000000000000000000000000000000000000000000000000000000000000000001000000000000000000000000000000000000000000000000000000000000000000000000000000000000000000000000000000000000011000000000000000000000000000000000000000000000000000000000000000000000000000000000000000000000000000000000000000000000001000000000000000000000000000000000000000000000000000000000000000000000000000000000000000000000000000000000000000000000000000000000000000000000000000000000000000000000000000000000000000000000000000000000001001000000000000000000000000000000000000000000000
3AEV:B	DEWEEFFKQEEYVKIPKDRIAVLIGKKGQTKKEIEKRTKTKITIDSETGEVWITSTKETEDPLAVWKARDIVLAIGRGFSPERAFRLLNEGEYLEIINLTDIIALPRVRGRIIGRKGRTRQIIEEMSGASVSVYGKTVAIIGNPIQIEIAKTAIEKLARGSPHGSVYRYLERRKKDL	000000000000000000001100001100000000000000000000000000000000000000000000000000010000000000000000000000000000011001111000000000000000000000000000000000000000000000000000000000000
3AKZ:A	LVRVRFAPSPTGHLHVGGARTALFNWMFARKEGGKFILRIEDTDTERSSREYEQQILESLRWCGLDWDEGPDIGGDFGPYRQSERLEIYREYAEKLVEDKRAYYVVYDKEDPSKELFTTYEYPHEYKEKGHPVTIKFKVLPGKTSFEDLLKGYMEFDNSTLEDFIIMKSNGFPTYNFAVVVDDHLMRISHVFRGEDHLSNTPKQLMIYEAFGWEAPVFMHIPLILGSDRTPLSKRHGATSVEHFRREGILSRALMNYLALLGWRVEGDEIFTIEEKLQSFDPKDISNKGVIFDYQKLEWVNGKHMRRIDLEDLKREFIEWAKYAGKEIPSVDERYFSETLRICREKVNTLSQLYDIMYPFMNDDYEYEKDYVEKFLKREEAERVLEEAKKAFKDLNSWNMEEIEKTLRDLSEKGLASKKVVFQLIRGAVTGKLVTPGLFETIEVLGKERTLKRLERTLQFLKK	0000000000000000000000000000000000000000000000000000000000000000000000000000000000000000000000000000000000000000000000000000000000000000000000000000000000000001000000011000000000000000000000000001001100000000000000000000000000000000000000000000000000000000000010010000000000000000000000010000000100000000000000000000000000000000000000000000000011100000000000000000000000000000000000000000000000000000000000000000000000000100000000001100010000000000000000000000000
3AVW:A	AEITASLVKELRERTGAGMMDCKKALTEANGDIELAIENMRKSGAIKAAKKAGNVAADGVIKTKIDGNYGIILEVNCQTDFVAKDAGFQAFADKVLDAAVAGKITDVEVLKAQFEEERVALVAKIGENINIRRVAALEGDVLGSYQHGARIGVLVAAKGADEELVKHIAMHVAASKPEFIKPEDVSAEVVEKEYQVQLDIAMQSGKPKEIAEKMVEGRMKKFTGEVSLTGQPFVMEPSKTVGQLLKEHNAEVTGFIRFEVGEGIEKVETDFAAEVAAMSKQSHMSFERTKPHVNVGTIGHVDHGKTTLTAAITTVLAKTYGGNTSHVEYDTPTRHYAHVDCPGHADYVKNMITGAAQMDGAILVVAATDGPMPQTREHILLGRQVGVPYIIVFLNKCDMVDDEELLELVEMEVRELLSQYDFPGDDTPIVRGSALKALEGDAEWEAKILELAGFLDSYIPEPERAIDKPFLLPIEDVFSISGRGTVVTGRVERGIIKVGEEVEIVGIKETQKSTCTGVEMFRKLLDEGRAGENVGVLLRGIKREEIERGQVLAKPGTIKPHTKFESEVYILSKDEGGRHTPFFKGYRPQFYFRTTDVTGTIELPEGVEMVMPGDNIKMVVTLIHPIAMDDGLRFAIREGGRTVGAGVVAKVLSGASSRNSLSAQLRRAANTRIEVEGNLALSIANDLLLAYGQSPFNSEAECISFSPRFDGTPDDFRINYLKAEIMSKYDDFSLGIDTEAVAWEKFLAAEAECALTNARLYRPDYSEDFNFSLGESCIHMARRKIAKLIGDVPSVEGMLRHCRFSGGATTTNNRSYGHPSFKFALPQACTPRALKYVLALRASTHFDIRISDISPFNKAVTVPKNSKTDRCIAIEPGWNMFFQLGIGGILRDRLRCWGIDLNDQTINQRRAHEGSVTNNLATVDLSAASDSISLALCELLLPPGWFEVLMDLRSPKGRLPDGSVVTYEKISSMGNGYTFELESLIFASLARSVCEILDLDSSEVTVYGDDIILPSCAVPALREVFKYVGFTTNTKKTFSEGPFRESCGKHYYSGVDVTPFYIRHRIVSPADLILVLNNLYRWATIDGVWDPRAHSVYLKYRKLLPKQLQRNTIPDGYGDGALVGSVLINPFAKNRGWIRYVPVITDHTRDRERAELGSYLYDLFSRCLSESNAIDQLICRSNPTKISRSTGKFDIQYIACSSR	000000000000000000000000000000000000000000000000000000000000000000000000000000000000000000000000000000000000000000000000000000000000000000000000000000000000000000000000000000000000000000000000000000000000000000000000000000000000000000000000000000000000000000000000000000000000000000000000000000000000000000000000000000000000000000000000000000000000000000000000000000000000000000000000000000000000000000000000000000000000000000000000000000000000000000000000000000000000000000000000000000000000000000000000000000000000000000000000000000000000000000000000000000000000000000000000000000000000000000100000000000000000000000000000000000000000000100000000000000000000000000000000000000000000000000000000000000000000000000000000000000000000000000000000000000000000000000000000000000000000000000000000000000000000100000000000000000000000000000000000000000000000000000000100000000011100000000000000000000000000010000000000000000000000000000000000000000000000000000000000000000000000011100000000000000000000000000000001000000000000000000000000000000000000001100000000000000000000000000000000000000000000000000000000000000000001110000000000000000000000000000000000000000000000000000000000000001111110000000000000000
3BSN:A	KGTYCGAPILGPGSAPKLSTKTKFWRSSTAPLPPGTYEPAYLGGKDPRVKGGPSLQQVMRDQLKPFTEPRGKPPKPSVLEAAKKTIINVLEQTIDPPDKWSFAQACASLDKTTSSGHPHHMRKNDCWNGESFTGKLADQASKANLMFEEGKNMTPVYTGALKDELVKTDKIYGKIKKRLLWGSDLATMIRCARAFGGLMDELKTHCVTLPIRVGMNMNEDGPIIFERHSRYRYHYDADYSRWDSTQQRAVLAAALEIMVKFSSEPHLAQVVAEDLLSPSVVDVGDFTISINEGLPSGVPCTSQWNSIAHWLLTLCALSEVTNLSPDIIQANSLFSFYGDDEIVSTDIKLDPEKLTAKLKEYGLKPTRPDKTEGPLVISEDLNGLTFLRRTVTRDPAGWFGKLEQSSILRQMYWTRGPNHEDPSETMIPHSQRPIQLMSLLGEAALHGPAFYSKISKLVIAELDFYVPRQEPMFRWMRFS	00000000000000000000000000000000000000000000000000000000000000000000000000000000000000000000000000000000000000010000000000000000000000000000000000000000000000010000000000000000000111100000000000000000000000000000110100000000000000000000000000000000000000000000000000000000000000000000000000000001111010000000000000000000000000000000000001000000000000000000000000000000000000000000000000100000000000000000000000000000000000000000001000100000000000000000000000000000000000000000000
3IAB:B	RVTKHPSLKTLTHKQIHTTIFVKSTTPYVSALKRINKFLDSVHKQGSSYVAVLGGKAVEKTLALGCHFQDQKNKKIEVYTKTIEVLDEVIQLKKRAVSGVELRIYV	0000000000000000000111100011100000000000000000000000111100000000000000000000000000000000000000010000000000
3KFU:F	MYEAVIGLEVHLHLKTRTKMFCGCRADYFGAEPNTHTCPVCLGLPGALPVPNRVAVEHGLRLALALGEVPERLVFHRKNYFYPDLPKNYQISQYDLPLGRGGSLPLGERRVRIKRLHLEEDAGKSLHLEGRTLLDLNRAGSPLIELVTEPDLKTPEEARLFLQRIQALVQTLGISDASPEEGKLRADVNVSVRRVGEPLGTKVEIKNLNSFKSVQRALEYEIRRQTEILRRGEKVKQATMGFEEGSGKTYPMADYRYFPEPDLPPVAIPRDWLEEVRRSLPELPWEKEARYRALGIKEKDAEVLAYTPSLARFLDQALPLGLASPQALANWLLADVAGLLHERGLRLEETRLSPEGLARLVGLFERGEVTSRVAKSLLPEVLEGQDPEA	00000000000000000000000000000000000000000000000000000000000000000000000000000000000000000000000000000000000000000000000000000000000000000000000000000000000000000000000000000000001110000000000000000000000000001100000000000000000000000000000000000000000000000000000000000000000000000000000000000000000000000000000000000000000000000000110001000000000000000000000000000000000000000000000000000
3R2C:A	MRYRKGARDTAFLVLYRWDLRGENPGELFKEVVEEKNIKNKDAYEYAKKLVDTAVRHIEEIDSIIEKHLKGWSIDRLGYVERNALRLGVAELIFLKSKEPGRVFIDIVDLVKKYADEKAGKFVNGVLSAIYKAYITSS	010000000000000000000000000000000000000000000000000000000000000000000100000000000000000000000000001011010000000000000110010111000000000000
3R9X:A	HMKVGYVAIVGKPNVGKSTLLNNLLGTKVSIISPKAGTTRMRVLGVKNIPNEAQIIFLDTPGIYEPKKSDVLGHSMVEIAKQSLEEADVILFMIDATEGWRPRDEEIYQNFIKPLNKPVIVVINKIDKIGPAKNVLPLIDEIHKKHPELTEIVPISALKGANLDELVKTILKYLPEGEPLFPEDMITDLPLRLLAAEIVREKAMMLTREEVPTSIAVKINEIKPGDANPNMLVIKGEIIVDRENLKPIIIGKKGQRLKEIGKRARQELELILGRPVYLELWVKVVPDWRRRPEYVRLFGYAL	00000000000000000000000000000000000000000000000000000000000000000000000000000000000000000000000000000000000000000000000000000000000000000000000000000000000000000000000000000000000000000000000000000000000000001100000000000000101100000000000000000011000001000100010000000000000010000000000000000000000000
3ZGZ:A	MQEQYRPEEIESKVQLHWDEKRTFEVTEDESKEKYYCLSMLPYPSGRLHMGHVRNYTIGDVIARYQRMLGKNVLQPIGWDAFGLPAEGAAVKNNTAPAPWTYDNIAYMKNQLKMLGFGYDWSRELATCTPEYYRWEQKFFTELYKKGLVYKKTSAVNWCPNDQTVLANEQVIDGCCWRCDTKVERKEIPQWFIKITAYADELLNDLDKLDHWPDTVKTMQRNWIGRSEGVEITFNVNDYDNTLTVYTTRPDTFMGCTYLAVAAGHPLAQKAAENNPELAAFIDECRNTKVAEAEMATMEKKGVDTGFKAVHPLTGEEIPVWAANFVLMEYGTGAVMAVPGHDQRDYEFASKYGLNIKPVILAADGSEPDLSQQALTEKGVLFNSGEFNGLDHEAAFNAIADKLTAMGVGERKVNYRLRDWGVSRQRYWGAPIPMVTLEDGTVMPTPDDQLPVILPEDVVMDGITSPIKADPEWAKTTVNGMPALRETDTFDTFMESSWYYARYTCPQYKEGMLDSEAANYWLPVDIYIGGIEHAIMHLLYFRFFHKLMRDAGMVNSDEPAKQLLCQGMVLADAFYYVGENGERNWVSPVDAIVERDEKGRIVKAKDAAGHELVYTGMSKMSKSKNNGIDPQVMVERYGADTVRLFMMFASPADMTLEWQESGVEGANRFLKRVWKLVYEHTAKGDVAALNVDALTENQKALRRDVHKTIAKVTDDIGRRQTFNTAIAAIMELMNKLAKAPTDGEQDRALMQEALLAVVRMLNPFTPHICFTLWQELKGEGDIDNAPWPVADEKAMVEDSTLVVVQVNGKVRAKITVPVDATEEQVRERAGQEHLVAKYLDGVTVRKVIYVPGKLLNLVVG	00000000000000000000000000000000000000000000000000000000000000000000000000000000000000000000000000000000000000000000000000000000000000000000000000000000000000000000001110000000000000000000000000000000000000000000001000100000000000000000000000000000000000000000000000000000000000000000000000010001100000000000000000000000000000000000000000000000000000000000000000000000000000000000000000000000000000000000000000000000000000000000000000000000000000000000000000000000000000000000000000000000000000000000000000000000000000000000000000010000000000000000000000000000000000000000000000000000000000000000000000000000000000000000000000000000000000000000000010000000000011001000000000000000000000000000000000000000000000000000000000000010000000000000000000000000000000000000000000000000000000000000000000000000000000010000000000000000000000000000000000000000000000000100
4CSF:C	DENYRDIALAFLDESADSGTINAWVNEFAYQGFDPKRIVQLVKERGTAKGKDWKKDVKMMIVLNLVRGNKPEAMMKKMSEKGASIVANLISVYQLKEGNPGRDTITLSRVSAAFVPWTVQALRVLSESLPVSGTTMDAIAGVTYPRAMMHPSFAGIIDLDLPNGAGATIADAHGLFMIEFSKTINPSLRTKQANEVAATFEKPNMAAMSGRFFTREDKKKLLIAVGIIDEDLVLASAVVRSAEKYRAKVG	0000000000000000000000000000000000000000000000000000000000000000000110000000000000000000000000000000000000000000000000000000000000000000000000000000000000000000000000000000000000000011110000000000000001101110000000000000000000000000000000000000000000
4IG8:A	DLRNTPAKSLDKFIEDYLLPDTCFRMQINHAIDIICGFLKERCFRGSSYPVCVSKVVKGGSSGKGTTLRGRSDADLVVFLSPLTTFQDQLNRRGEFIQEIRRQLEACQRERAFSVKFEGNPRALSFVLSSLQLGEGVEFDVLPAFDALGQLTGGYKPNPQIYVKLIEECTDLQKEGEFSTCFTELQRDFLKQRPTKLKSLIRLVKHWYQNCKKKLGKLPPQYALELLTVYAWERGSMKTHFNTAQGFRTVLELVINYQQLCIYWTKYYDFKNPIIEKYLRRQLTKPRPVILDPADPTGNLGGGDPKGWRQLAQEAEAWLNYPCFKNWDGSPVSSWILL	00000000000000000000000000000000100100010000000000001111000000000000000000000000000000000000000000000000000000000000000000000000000000000000000000000100000000000000000000000000000000000000000101110000000000000000000000000000000000000000000000000000000000000000000000000000000000000000000000000000000000000000000000000000000000000000000000
4IQX:A	GLIVDTRDVEERVHVMRKTKLAPTVAHGVFNPEFGPAALSNKDSRLNEGVVLDEVIFSKHKGDTKMSAEDKALFRRCAADYASRLHSVLGTANAPLSIYEAIKGVDGLDAMEPDTAPGLPWALQGKRRGALIDFENGTVGPEVEAALKLMEKREYKFACQTFLKDEIRSMEKVRAGKTRIVDVLPVEHILYTRMMIGRFCAQMHSNNGPQIGSAVGCNPDVDWQRFGTHFAQYRNVWDVDYSAFDANHCSDAMNIMFEEVFRTEFGFHPNAEWILKTLVNTEHAYENKRITVEGGIPSGCSATSIINTILNNIYVLYALRRHYEGVELDTYTMISYGDDIVVASDYDLDFEALKPHFKSLGQTITPADKSDKGFVLGHSITDVTFLKRHFHMDYGTGFYKPVMASKTLEAILSFARRGTIQEKLISVAGLAVHSGPDEYRRLFEPFQGLFEIPSYRSLYLRWVNAVCGDAAALAHH	00000000000000000000000000000000000000000000000000000000000000000000000000000000000000000000000000000000000000000000000000000000000000000000000000000000000000000111100000000000000011100000000000000000000000000000001111000000000000000000000000000000000000000000000000000000000000000000000000000000011111110000000000000000000000000000000110000000000000000000000000000000000000000000000001000000000000000000000000000000000001100100000000000000000000000000000000000000000000000000
4J1G:B	DFIYDDRPAAVSSTFNPEKGYMDFITAYGKNINADNVRIFFLNHKKAKDSLKGSPKVEVDLQFGTLRVKVVNNHNPRNRDNPVADNAITLHRLSGYLAKWCFDEIDHGQIEEAEVKSKVVIPLAEAKGCKWGDGVALYLAFAPGAEMFLKDFEFYPLAIDIQRVVKDGMDITFMRKVLKQRYGTKTADDWMISEVTAIQSAVKVVAKLPWAKAGFTAAAKNFLAKFN	00000000001110110000000000000000000000000000000000000000000000000000000000000011000000000000000000000000000000000000000001101000000000000000000000000000000000000000000000000000000100000000000000000000000000000000000000000000000
4K4X:A	GEIEFIESSKDAGFPVINTPSKTKLEPSVFHQVFEGNKEPAVLRSGDPRLKANFEEAIFSKYIGNVNTHVDEYMLEAVDHYAGQLATLDISTEPMKLEDAVYGTEGLEALDLTTSAGYPYVALGIKKRDILSKKTKDLTKLKECMDKYGLNLPMVTYVKDELRSIEKVAKGKSRLIEASSLNDSVAMRQTFGNLYKTFHLNPGVVTGSAVGCDPDLFWSKIPVMLDGHLIAFDYSGYDASLSPVWFACLKMILEKLGYTHKETNYIDYLCNSHHLYRDKHYFVRGGMPSGCSGTSIFNSMINNIIIRTLMLKVYKGIDLDQFRMIAYGDDVIASYPWPIDASLLAEAGKGYGLIMTPADKGECFNEVTWTNVTFLKRYFADEQYPFLVHPVMPMKDIHESIRWTKDPKNTQDHVRSLCLLAWHNGEHEYEEFIRKIRSVPVGRCLTLPAFSTLRRKWLDSFG	000000000000000011010001000000000000000000000000000000000000000000000000000000000000000000000000000000000000000000000000011100000000000000000000000000000000100000000000000000011110000000000000000000000000000001101000000000000000000000000000000000000000000000000000000000000000000000000000111101000000000000000000000000000000001100000000000000000000000000000000000000000000001000000000000000000000000000000100000110010000000000000000000000000000000000000000000000
4LGT:A	MSEKLQKVLARAGHGSRREIESIIEAGRVSVDGKIAKLGDRVEVTPGLKIRIDGHLISVRESAEQICRVLAYYKPEGELCTRNDPEGRPTVFDRLPKLRGARWIAVGRLDVNTGLLLFTTDGELANRLMHPSREVEREYAVRVFGQVDDAKLRDLSRGVQLEDGPAAFKTIKFSGGEGINQWYNVTLTEGRNREVRRLWEAVGVQVSRLIRVRYGDIPLPKGLPRGGWTELDLAQTNYLRELVELPPETS	0000000000000000000000000000000000000010000000000000000000000000000000000000000011000000000000000000000000110000000000000100010011110000000000000000110010000000000000000000000000000000000000000000000000000000000000000000000000000000000000000000000000
4M59:A	PDAQVLVLAISSHPLPTLAAFLASRRDELLRADITSLLKALELSGHWEWALALLRWAGKEGAADASALEMVVRALGREGQHDAVCALLDETPLPPGSRLDVRAYTTVLHALSRAGRYERALELFAELRRQGVAPTLVTYNVVLDVYGRMGRSWPRIVALLDEMRAAGVEPDGFTASTVIAACSRDGLVDEAVAFFEDLKARGHAPSVVTYNALLQVFGKAGNYTEALRVLGEMEQNGCQPDAVTYNELAGTEEAARCLDTMASPNAFTYNTVMTAYGNVGKVDEALALFDQMKKTGFVPNVNTYNLVLGMLGKKSRFTVMLEMLGEMSRSGCTPNRVTWNTMLAVSGKRGMEDYVTRVLEGMRSSGVELSRDTYNTLIAAYGRCGSRTNAFKMYNEMTSAGFTPCITTYNALLNVLSRQGDWSTAQSIVSKMRTKGFKPNEQSYSLLLQCYAKGGNVAGIAAIENEVYGSGAVFPSWVILRTLVIANFKCRRLDGMETAFQEVKARGYNPDLVIFNSMLSIYAKNGMYSKATEVFDSIKRSGLSPDLITYNSLMDMYAKCSESWEAEKILNQLKCSQTMKPDVVSYNTVINGFCKQGLVKEAQRVLSEMVADGMAPCAVTYHTLVGGYSSLEMFSEAREVIGYMVQHGLKPMELTYRRVVESYCRAFEEARGFLSEVKALEAYIEDA	000000000000000000000000000000000000000000000000000000000000000000000000000000000000000000000000000000000100000000000000000000000000000010011000000000000000000000000000000010011000000000000000000000000000000100110000000000000000000000000000001001100000000000000000000000000000000000000000000000000000000000000000000000000000000000000000000000000011000000000000000000000000000000000000000000000000000000000000000000000000000000000000000000000000000000000000000000000000000000000000000000000000000000000000000000001000000000000000000000000000000000010011000000000000000000000000000000010011000000100000000000000000000000100000011001000000000000000000000000000000000000000000000000000000000
4PKD:B	TRPNHTIYINNLNEKIKKDELKKSLYAIFSQFGQILDILVSRSLKMRGQAFVIFKEVSSATNALRSMQGFPFYDKPMRIQYAKTDSDIIAKMKGTFVEETREERMERKRREKIERRQQEVETELKMWDPHNDPNAQGDAFKTLFVARVNYDTTESKLRREFEVYGPIKRIHMVYSKRSGKPRGYAFIEYEHERDMHSAYKHADGKKIDGRRVLVDVERGRTVKGWRPRRLGGGLGGTRRG	000000000000000000000000000000000000000000011000000000000000000000000000000000000000000000000000000000000000000000000000000000000000010000000000000000000000000000000000000000111000000000000000000000000000000000000000001000000011111001000001
4U3M:D4	SDAVTIRTRKVISNPLLARKQFVVDVLHPNRANVSKDELREKLAEVYKAEKDAVSVFGFRTQFGGGKSVGFGLVYNSVAEAKKFEPTYRLVRYGLAEKVEKASRQQRKQKKNRDKKIFGTGKRLAKKVARRNAD	00000011101000000000000000000001101000000000000000000000000010101000000000000000000000000000000000000000000000000001001100000000000000
4U3M:L9	MKYIQTEQQIEVPEGVTVSIKSRIVKVVGPRGTLTKNLKHIDVTFTKVNNQLIKVAVHNGGRKHVAALRTVKSLVDNMITGVTKGYKYKMRYVYAHFPINVNIVEKDGAKFIEVRNFLGDKKIRNVPVRDGVTIEFSTNVKDEIVLSGNSVEDVSQNAADLQQICRVRNKDIRKFLDGIYVSHKGFITEDL	00000000000000000011100000000000000000000111000000000000000000100110110000000000000000000000000000000000000000000000000111000000000000000000000000000001000100000000000000100000000000000000000
4U3M:S6	MKLNISYPVNGSQKTFEIDDEHRIRVFFDKRIGQEVDGEAVGDEFKGYVFKISGGNDKQGFPMKQGVLLPTRIKLLLTKNVSCYRPRRDGERKRKSVRGAIVGPDLAVLALVIVKKGEQELEGLTDTTVPKRLGPKRANNIRKFFGLSKEDDVRDFVIRREVTKGEKTYTKAPKIQRLVTPQRLQRKRHQRALKVRNAQAQREAAAEYAQLLAKRLSERKAEKAEI	0000010000101100000000000000000000000000000000000000011100110100111000000000000000000000111100000000000000000100000000000000000000111000000000000000000001000000000000000011111000100000000000000010000000000000000000000000000000
4U3M:s7	SAPQAKILSQAPTELELQVAQAFVELENSSPELKAELRPLQFKSIREIDVAGGKKALAIFVPVPSLAGFHKVQTKLTRELEKKFQDRHVIFLAERRILPKPSRTSRQVQKRPRSRTLTAVHDKILEDLVFPTEIVGKRVRYLVGGNKIQKVLLDSKDVQQIDYKLESFQAVYNKLTGKQIVFEIPS	000000000000000000000000000000000000000000000000000000000000001000000000000000000000000000000000101100101100110000000000000000000000000000000000000000000000000000000000000000001100000000
4U3M:S8	GISRDSRHKRSATGAKRAQFRKKRKFELGRQPANTKIGAKRIHSVRTRGGNKKYRALRIETGNFSWASEGISKKTRIAGVVYHPSNNELVRTNTLTKAAIVQIDATPFRQWFEAHYGQTLGKKSKNAERKWAARAASAKIESSVESQFSAGRLYACISSRPGQSGRCDGYILEGEELAFYLRRLTAKK	11011000000111000001001110001101000000000000000110000000000000101010011110000000000111000000000000000000000000000000000000000000000000000000000000000000000000000000010100000000000000000000
4U4Q:c5	AVNAKKRVFKTHSYRGVDLEKLLEMSTEDFVKLAPARVRRRFARGMTSKPAGFMKKLRAAKLAAPENEKPAPVRTHMRNMIIVPEMIGSVVGIYNGKAFNQVEIRPEMLGHYLGEFSITYTPVRHGRAGATTSRF	000000000000000000000000000000000000000000000000000000000000000000000000001100000000000000000011100000000000000101100000001110000000000
4V67:BK	MKKVVAVVKLQLPAGKATPAPPVGPALGQHGANIMEFVKAFNAATANMGDAIVPVEITIYADRSFTFVTKTPPASYLIRKAAGLEKGAHKPGREKVGRITWEQVLEIAKQKMPDLNTTDLEAAARMIAGSARSMGVEVVGAPEVKDA	000000000000000000000000000000000000000000000000000000000000000000000000000000000000011111110000000000000000000000111000010011111101110000000000000
4V7L:DC	KVYTIDEAARTAKFDETVEVHAKLGIDPRRSDQNVRGTVSLPHGLGKQVRVLAIAKGEKIKEAEEAGADYVGGEEIIQKILDGWMDFVMGAVGSKLGRILGPRGLNPKAGTVGFNIGEIIREIKAGRIEFRNDKTGAIHAPVGKASFPPEKLADNIRAFIRALEAHKPEGAKGTFLRSVYVTTTMGPSVR	0000000000000000111111110000000110000000000000000000000000000000000000000000000000000001000001110111000000100000000000000000000000001111111111111000000000000000000000000000100000001111111100
4V88:Aa	PKKRASNGRNKKGRGHVKPVRCVNCSKSIPKDKAIKRMAIRNIVEAAAVRDLSEASVYPEYALPKTYNKLHYCVSCAIHARIVRVRSREDRKNRAPP	1001010101001000000000000000000000000000000000000000000000000000000000000100000000111010000101110
4V88:AC	GWVPVTKLGRLVKAGKITTIEEIFLHSLPVKEFQIIDTLLPGLQDEVMNIKPVQKQTRAGQRTRFKAVVVVGDSNGHVGLGIKTAKEVAGAIRAGIIIAKLSVIPIRRGYWGTNLGQPHSLATKTTGKCGSVTVRLIPAPRGSGIVASPAVKKLLQLAGVEDVYTQSNGKTRTLENTLKAAFVAIGNTYGFLTPNLWAEQPLPVSPLDIYSDEASAQ	0000000000000000000000000000000000000000000000000000111110110000000000000000000000000000000000000000000000000000000000000000000011000000000000000111000000000000000111000000000000000000000000000000000000000000000000000
4V88:AD	ALISKKRKLVADGVFYAELNEFFTRELAEEGYSGVEVRVTPTKTEVIIRATRTQDVLGENGRRINELTLLVQKRFKYAPGTIVLYAERVQDRGLSAVAQAESMKFKLLNGLAIRRAAYGVVRYVMESGAKGCEVVVSGKLRAARAKAMKFADGFLIHSGQPVNDFIDTATRHVLMRQGVLGIKVKIMRDPAKSRTGPKALPDAVTIIEPKEEEPILAPSVKDY	0111000000000000000000000000000000000000000000000000000000000000000000000000000000000000000000000000000000000000000000000000000000000000010000100000000000000111000000000000000011111000000000000000000011000000000000000000000
4V88:AE	ARGPKKHLKRLAAPHHWLLDKLSGCYAPRPSAGPHKLRESLPLIVFLRNRLKYALNGREVKAILMQRHVKVDGKVRTDTTYPAGFMDVITLDATNENFRLVYDVKGRFAVHRITDEEASYKLGKVKKVQLGKKGVPYVVTHDGRTIRYPDPNIKVNDTVKIDLASGKITDFIKFDAGKLVYVTGGRNLGRIGTIVHKERHDGGFDLVHIKDSLDNTFVTRLNNVFVIGEQGKPYISLPKGKGIKLSIAEERDRRRAQQGL	01111100001100000000000111000001110000000000000000000000000011000000000000000000000000000000000000000000000000000000000000000000010001000000001110000000000000000000000000000000000000000000000000000000110000000000000000100000000000000000000000000000000000000000
4V88:Ae	AKVHGSLARAGKVKSQTPKVEKTEKPKKPKGRAYKRLLYTRRFVNVTLVNGKRRMNPGPS	110000000011110010000000000001000000000000000000000000011100
4V88:AJ	PRAPRTYSKTYSTPKRPYESSRLDAELKLAGEFGLKNKKEIYRISFQLSKIRRAARDLLTRDEKDPKRLFEGNALIRRLVRVGVLSEDKKKLDYVLALKVEDFLERRLQTQVYKLGLAKSVHHARVLITQRHIAVGKQIVNIPSFMVRLDSEKHIDFAPTSPFGGARPGRVARRNAARKAEASGE	11111011100000110110000000000000000000000000000000000000000000000000000000000000000000000000000000000000000000000000000000110110011000000001111011000000000000000000000000000000000000000
4V88:AL	STELTVQSERAFQKQPHIFNNPKVKTSKRTKRWYKNAGLGFKTPKTAIEGSYIDKKCPFTGLVSIRGKILTGTVVSTKMHRTIVIRRAYLHYIPKYNRYEKRHKNVPVHVSPAFRVQVGDIVTVGQCRPISKTVRFNVVKVSAAAGKANKQFAKF	00000000000000000000000000000000000111110000000000000000000000011011000000000011000000000000000110001110000000000000000000000000111110000000000000000000000
4V88:AN	GRMHSAGKGISSSAIPYSRNAPAWFKLSSESVIEQIVKYARKGLTPSQIGVLLRDAHGVTQARVITGNKIMRILKSNGLAPEIPEDLYYLIKKAVSVRKHLERNRKDKDAKFRLILIESRIHRLARYYRTVAVLPPNWKYESATASALVN	000000001000101000000000000000000000000000000110011000000001100000000000000000000000010000000000100100010010100000000000000100100000000000000000000000
4V88:AO	SQVFGVARIYASFNDTFVHVTDLSGKETIARVTGGMKVKADRDESSPYAAMLAAQDVAAKCKEVGITAVHVKIRATGGTRTKTPGPGGQAALRALARSGLRIGRIEDVTPVPSDSTRKKGGRRGRRL	0000000000000000000000001111110000000000000000000000000000000000000000000000011000000000000000000000000000000001111111000000011
4V88:AS	SLVVQEQGSFQHILRLLNTNVDGNIKIVYALTTIKGVGRRYSNLVCKKADVDLHKRAGELTQEELERIVQIMQNPTHYKIPAWFLNRQNDITDGKDYHTLANNVESKLRDDLERLKKIRAHRGIRHFWGLRVRGQHTKTTGRRRA	0000000000000000000000000000000000010000000000000000000000000000000000000000000000111111000000000000000000010000000000000000000000001101110000000
4V88:AT	PGVSVRDVAAQDFINAYASFLQRQGKLEVPGYVDIVKTSSGNEMPPQDAEGWFYKRAASVARHIYMRKQVGVGKLNKLYGGAKSRGVRPYKHIDASGSINRKVLQALEKIGIVEISPKGGRRISENGQRDLDRIAAQTLEEDE	11110000000000000000000000000000000100000000011000000000000000000000000000000100000001110000000000000000000000000000001100001001100100000000000
4V88:AW	TRSSVLADALNAINNAEKTGKRQVLIRPSSKVIIKFLQVMQKHGYIGEFEYIDDHRSGKIVVQLNGRLNKCGVISPRFNVKIGDIEKWTANLLPARQFGYVILTTSAGIMDHEEARRKHVSGKILGFVY	111100110001001000000000000000000000000000000000000000011000000000000100011000000000000000000000000000011111100000000000110000000
4V88:AY	SDAVTIRTRKVISNPLLARKQFVVDVLHPNRANVSKDELREKLAEVYKAEKDAVSVFGFRTQFGGGKSVGFGLVYNSVAEAKKFEPTYRLVRYGLAEKVEKASRQQRKQKKNRDKKIFGTGKRLAKKVARRNAD	00000011100000000000000000000001101000000000000000000000000010100000000000000000000000000000000000000000000000000001001100000000000000
4V88:BA	GRVIRNQRKGAGSIFTSHTRLRQGAAKLRTLDYAERHGYIRGIVKQIVHDSGRGAPLAKVVFRDPYKYRLREEIFIANEGVHTGQFIYAGKKASLNVGNVLPLGSVPEGTIVSNVEEKPGDRGALARASGNYVIIIGHNPDENKTRVRLPSGAKKVISSDARGVIGVIAGGGRVDKPLLKAGRAFHKYRLKRNSWPKTRGVAMNPVDHPHGGGNHQHIGKASTISRGAVSGQKAGLIAARRTGLLRGSQKTQ	000000101111110000000101100000000000000000000000000000000000000000010000000000000001000000000000000000000000000000000000000110001100000000000000000000100000000000000000000011000011110001000000000000000010000000000000001111110000111101111011111100000000
4V88:BB	SHRKYEAPRHGHLGFLPRKRAASIRARVKAFPKDDRSKPVALTSFLGYKAGMTTIVRDLDRPGSKFHKREVVEAVTVVDTPPVVVVGVVGYVETPRGLRSLTTVWAEHLSDEVKRRFYKNWYKSKKKAFTKYSAKYAQDGAGIERELARIKKYASVVRVLVHTQIRKTPLAQKKAHLAEIQLNGGSISEKVDWAREHFEKTVAVDSVFEQNEMIDAIAVTKGHGFEGVTHRWGTKKLPRKTHRGLRKVACIGAWHPAHVMWSVARAGQRGYHSRTSINHKIYRVGKGDDEANGATSFDRTKKTITPMGGFVHYGEIKNDFIMVKGCIPGNRKRIVTLRKSLYTNTSRKALEEVSLKWIDTASKFGKGRFQTPAEKHAFMGTLKKDL	10000000000101111000000000000000000000000000000000011100000000110000000001000000000000000000010001111110000000000000100000000001100000000000000000000000000000000000000000010000000000000000000000000000000000000000000000000001111000000000000010000001110111011111001011110000000000000000000000000000000000000001101101000000000011010001100000000000000000000000000000011000000000000000000000
4V88:BC	SRPQVTVHSLTGEATANALPLPAVFSAPIRPDIVHTVFTSVNKNKRQAYAVSEKAGHQTSAESWGTGRAVARIRVGGGGTGRSGQGAFGNMCRGGRMFAPTKTWRKWNVKVNHNEKRYATASAIAATAVASLVLARGHRVEKIPEIPLVVSTDLESIQKTKEAVAALKAVGAHSDLLKVLKSKKLRAGKGKYRNRRWTQRRGPLVVYAEDNGIVKALRNVPGVETANVASLNLLQLAPGAHLGRFVIWTEAAFTKLDQVWGSETVASSKVGYTLPSHIISTSDVTRIINSSEIQSAIRPAGQATQKRTHVLKKNPLKNKQVLLRLNPYAKVFAAEKLGSKKAEKTGTKPAAVFTETLKHD	000000000000000000000000000000000000000000001011111000000000000000111111000011111100010000111000001000000000001110100000000000000000000000000000000000000000000000000000000000000100110000100000000000000000000000000010000010000000010100000110000000000000000000000000000000000000000000000000000000000000001110011010000000010001000010001000011100000000000000000000
4V88:BD	AFQKDAKSSAYSSRFQTPFRRRREGKTDYYQRKRLVTQHKAKYNTPKYRLVVRFTNKDIICQIISSTITGDVVLAAAYSHELPRYGITHGLTNWAAAYATGLLIARRTLQKLGLDETYKGVEEVEGEYELTEAVEDGPRPFKVFLDIGLQRTTTGARVFGALKGASDGGLYVPHSENRFPGWDFETEEIDPELLRSYIFGGHVSQYMEELADDDEERFSELFKGYLADDIDADSLEDIYTSAHEAIRADPAFKPTEKKFTKEQYAAESKKYRQTKLSKEERAARVAAKIAALAGQQ	00001000100110100010000000000000011000000000000000000000000000000001111110000000000000000000000000000000000000000000000000000000000000000011100000000000001000000000000000000100000100000000000000000000010001000000000000011010000000000000000000000000000000000000000010111000100000000000100000000000
4V88:BE	SAQKAPKWYPSEDVAALKKTRKAARPQKLRASLVPGTVLILLAGRFRGKRVVYLKHLEDNTLLISGPFKVNGVPLRRVNARYVIATSTKVSVEGVNVEKFNVEYFAKEEIKAERVEDQKVVDKALIAEIKKTPLLKQYLSASFSLKNGDKPHMLKF	111100111000000111000101100000000000000000110000000000000000000000000001010011100000000000000000000000000000100000000000000000000000000000001000000000000000
4V88:BF	AEQVAAERAARKAANKEKRAIILERNAAYQKEYETAERNIIQAKRDAKAAGSYYVEAQHKLVFVVRIKGINKIPPKPRKVLQLLRLTRINSGTFVKVTKATLELLKLIEPYVAYGYPSYSTIRQLVYKRGFGKINKQRVPLSDNAIIEANLGKYGILSIDDLIHEIITVGPHFKQANNFLWPFKLSNPSGGWGVPRKFKHFIQGGSFGNREEFINKLVKSMN	000000000000000000000000000000000000000000000000000000000000000000000001000000110010000000000000000100010000000000000000000000000000000011000000000000000000000000000000000000000000000011101000000000100000000000000000000000
4V88:BG	NPLTHSTPKNFGIGQAVQPKRNLSRYVKWPEYVRVQRQKKILSIRLKVPPTIAQFQYTLDRNTAAETFKLFNKYRPETAAEKKERLTKEAAAVAEGKSKQDASPKPYAVKYGLNHVVALIENKKAKLVLIANDVDPIELVVFLPALCKKMGVPYAIVKGKARLGTLVNQKTSAVAALTEVRAEDEAALAKLVSTIDANFADKYDEVKKHWGGGILGNKAQAKMDKRAKNSDSA	00000111000111111000000011111110110110000110110000000000000000000000000000000000000000000000000000000000100000011011000000000000000000000000000000000000000000111100000000000000000000000000000000000000000000000000000001100000000000000
4V88:BI	ARRPARCYRYQKNKPYPSRYNRAVPDSKIRIYDLGKKKATVDEFPLCVHLVSNELEQLSSEALEAARICANKYMTTVSGRDAFHLRVRVHPFHVLRINKMQQGMRGAWGKPHGLAARVDIGQIIFSVRTKDSNKDVVVEGLRRARYKFPGQQKIILSKKWGFTNLDRPEYLKKREAGEVKDDGAFVKFLSKKGSLENNIREFPEYFAAQA	000000100000000000010000000000010000000000000000000000000000010010000000000000000000000011000000000000011100000000000000000000000000000000000000011000000000000000000000000000000000011100000011111000000000000000
4V88:CQ	SAVPSVQTFGKKKSATAVAHVKAGKGLIKVNGSPITLVEPEILRFKVYEPLLLVGLDKFSNIDIRVRVTGGGHVSQVYAIRQAIAKGLVAYHQKYVDEQSKNELKKAFTSYDRTLLIADSRRPEPKKFGGKGARSRFQKSYR	0000001100000000010000000000000000000001000000000000000000000000000001111000000000000000000000000000000000000000000000011110100000000011010011
4V8G:AS	SLKKGVFVDDHLLEKVLELNAKGEKRLIKTWSRRSTIVPEMVGHTIAVYNGKQHVPVYITENMVGHKLGEFAPTRTYRGHG	100000000000000000000000000001101100000000000000101100000000000000001000000110010
4V8I:AY	TMNITSKQMEITPAIRQHVADRLAKLEKWQTHLINPHIILSKEPQGFVADATINTPNGVLVASGKHEDMYTAINELINKLERQLNKLQHKGEARR	00001000000000000000000000011000000000000001100000010000000001000000000000000010000000000100011
4V9O:AN	MRHRKSGRQLNRNSSHRQAMFRNMAGSLVRHEIIKTTLPKAKELRRVVEPLITLAKTDSVANRRLAFARTRDNEIVAKLFNELGPRFASRAGGYTRILKCGFRAGDNAPMAYIELVDRSE	001111000000000000010011001000000000000000000000000000000001100000010000100010000000000001111011100000001111000000000000
4V9O:FE	ELQEKLIAVNRVSKTVKGGRIFSFTALTVVGDGNGRVGFGYGKAREVPAAIQKAMEKARRNMINVALNNGTLQHPVKGVHTGSRVFMQPASEGTGIIAGGAMRAVLEVAGVHNVLAKAYGSTNPINVVRATIDGLENMNSPEMVAAKRGK	000000000001111101000000000000000000000000000000000000000000000000000000000000001000000000000000111000000000000000101000000001000000000000000000000000
4V9P:CZ	AKTIKITQTRSAIGRLPKHKATLLGLGLRRIGHTVEREDTPAIRGMINAVSFMVKVEE	0000000000000010000011111111000010000000011011100001000000
4W2H:DY	MRVKMHVKKGDTVLVASGKYKGRVGKVKEVLPKKYAVIVEGVNIVKKAVRVSPKYPQGGFIEKEAPLHASKVRPICPACGKPTRVRKKFLENGKKIRVCAKCGGALD	11000000000000000100000000000000000000000000110111000000011100000000010000000000000000000000000000000000000
4WOI:AN	AKQSMKAREVKRVALADKYFAKRAELKAIISDVNARWNAVLKLQTLPRDSSPSRQRNRCRQTGRPHGFLRKFGLSRIKVREAAMRGEIPGLKKASW	001110110000000000000000000000000000000000010000000011000000010100100000000000000000000000000011
4WRT:A	SMDTFITRNFQTTIIQKAKNTMAEFSEDPELQPAMLFNICVHLEVCYVISDMNFLDEEGKAYTANLRPQYEVIEGMPRTIAWMVQRSLAQEHGIETPKYLADLFDYKTKRFIEVGITKGLADYFWKKKEKLGNSMELMIFSYNQDYSLSNESSLDEEGKGRVLSRLTELQAELSLKNLWQVLIGEEDVEKGIDFKLGQTISRLRDISVPAGFSNFEGMRSYIDNIDPKGAIERNLARMSPLVSVTPKKLTWEDLRPIGPHIYNHELPEVPYNAFLLMSDELGLANMTEGKSKKPKTLAKECLEKYSTLRDQTDPILIMKSEKANENFLWKLWRDCVNTISNEEMSNELQKTNYAKWATGDGLTYQKIMKEVAIDDETMCQEEPKIPNKCRVAAWVQTEMNLLSTLTSKRALDLPEIGPDVAPVEHVGSERRKYFVNEINYCKASTVMMKYVLFHTSLLNESNASMGKYKVIPITNRVVNEKGESFDMLYGLAVKGQSHLRGDTDVVTVVTFEFSSTDPRVDSGKWPKYTVFRIGSLFVSGREKSVYLYCRVNGTNKIQMKWGMEARRCLLQSMQQMEAIVEQESSIQGYDMTKACFKGDRVNSPKTFSIGTQEGKLVKGSFGKALRVIFTKCLMHYVFGNAQLEGFSAESRRLLLLIQALKDRKGPWVFDLEGMYSGIEECISNNPWVIQSAYWFNEWLGFEKEGSKV	000000000000000000000000000000000000000000000000000000000000000000000000000000000000000000000000000000000000000000000000000000000000000000000000000000000000000000000000000000000000000000000000000000000000000000000000000000000000000000000000000000000000000000000000000000000000000000000000000000000000000000000000000000000000000000000000000000000000000000000000011000000000000000000011100000000000000000000000000000000000000000000000000000000000000000000000000000000000000000000000000000000000000001110001100000000000000000000000000000000000000000000011100000000000000000000000000000000000000000000000000000000000000000000000000000000000000000000000000000000000000000000000000000000000000000000000000000000000
4WTJ:A	SSMSYSWTGALITPCGPEEEKLPINPLSNSLLRYHNKVYCTTSKSASQRAKKVTFDRTQVLDAHYDSVLKDIKLAASKVSARLLTLQQACQLTPPHSARSKYGFGAKEVRSLSGRAVNHIKSVWKDLLEDPQTPIPTTIMAKNEVFCVDPAKGGKKPARLIVYPDLGVRVCEKMALYDITQKLPQAVMGASYGFQYSPAQRVEYLLKAWAEKKDPMGFSYDTRHFDSTVTERDIRTEESIYQACSLPEEARTAIHSLTERLYVGGPMFNSKGQTCGYRRCRASGVLTTSMGNTITCYVKALAACKAAGIVAPTMLVCGDDLIVISESQGTEEDERNLRAFTEAMTRYSAPPGDPPRPEYDLELITSCSSNVSVALGPRGRRRYYLTRDPTTPLARAAWETVRHSPINSWLGNIIQYAPTIWVRMVLMTHFFSILMVQDTLDQNLNFEMYGSVYSVNPLDLPAIIERLHGLDAFSMHTYSHHELTRVASALRKLGAPPLRVWKSRARAVRASLISRGGKAAVCGRYLFNWAVKTKLKLTPLPEARLLDLSSWFTVG	000000000000001000000000000000000000000000000000000000000000000000000000000000000000000000000000010000000000000000000000000000000000000000000000000000000000000010100000000000000000000000000000010000000000000000000000000000000000000000000000000000000000000000000000000000000000000000011100100000000000000000000000000011000000000000000000000000000000000000000000000000000000000000000000000000000000000000000001001000000000000000000000000000000000100010000000000000000000000000000000000000000000000000000000000000000000000000000000000000000000000000000000000
4X4P:A	MKVEEILEKALELVIPDEEEVRKGREAEEELRRRLDELGVEYVFVGSYARNTWLKGSLEIDVFLLFPEEFSKEELRERGLEIGKAVLDSYEIRYAEHPYVHGVVKGVEVDVVPCYKLKEPKNIKSAVDRTPFHHKWLEGRIKGKENEVRLLKGFLKANGIYGAEYKVRGFSGYLCELLIVFYGSFLETVKNARRWTRRTVIDVAKGEVRKGEEFFVVDPVDEKRNVAANLSLDNLARFVHLCREFMEAPSLGFFKPKHPLEIEPERLRKIVEERGTAVFAVKFRKPDIVDDNLYPQLERASRKIFEFLERENFMPLRSAFKASEEFCYLLFECQIKEISRVFRRMGPQFEDERNVKKFLSRNRAFRPFIENGRWWAFEMRKFTTPEEGVRSYASTHWHTLGKNVGESIREYFEIISGEKLFKEPVTAELCEMMGVKD	00000000000000000000000000000000000000000000010000000000000000000000000000000000000000000000011100000000000000000000000000000110010000000000000000000000000000000101100000111000000000000000000000000000000000000000000000000000000010000000000000000000000000000000000000000000000000000000000000110010000000000000000000000000000000000000000000000000001000000110110000000000000000000000000000000000000000000000000000000000000000000000000000000
5AMR:A	GMDYQEYQQFLARINTARDACVAKDIDVDLLMARHDYFGRELCKSLNIEYRNDVPFIDIILDIRPEVDPLTIDAPHITPDNYLYINNVLYIIDYKVSVSNESSVITYDKYYELTRDISDRLSIPIEIVIIRIDPVSRDLHINSDRFKELYPTIVVDINFNQFFDLKQLLYEKFGDDEEFLLKVAHGDFTLTAPWCKTGCPEFWKHPIYKEFKMSMPVPERRLFEESVKFNAYESERWNTNLVKIREYTKKDYSEHISKSAKNIFLASGFYKQPNKNEISEGWTLMVERVQDQREISKSLHDQKPSIHFIWGAHNPGNSNNATFKLILLSKSLQSIKGISTYTEAFKSLGKMMDIGDKAIEYEEFCMSLKSKARSSWKQIMNKKLEPKQINNALVLWEQQFMINNDLIDKSEKLKLFKNFCGIGKKQFKNKMLEDSKPKILDFDDANMYLASLTMMEQSKKILSKSNGLKPDNFILNEFGSRIKDANKETYDNMHKIFETGYWQCISDFSTLMKNILSVSQYNRHNTFRIAMCANNNVFAIVFPSATVVYSIIVLHKEEENIFNPGCLHGTFKCMNGYISISRAIRLDKERCQRIVSSPGLFLTTCLLFKHDNPTLVMSDIMNFSIYTSLSITKSVLSLTEPARYMIMNSLAISSNVKDYIAEKFSPYTKTLFSVYMTRLIKNACFDAYDQRQRVQLRDIDYDITQKGIKDNRELTSIWFPGSVTLKEYLTQIYLPFYFNAKGLHEKHHVMVDLAKTILEIECEQRENIKEIWSTNCTKQTVNLKILIHSLCKNLLADTSRHNHLRNRIENRNNFRRSITTISTFTSSKSCLKIGDFRKEKELQSVKQKKILEVQSRKMRLANYEMLRNAMPNYTDYISTKVFDRLYELLDKKVLTDKPVIEQIMDMMIDHKKFYFTFFNIFVGEYEAKMCMYAVERIAKERCKLNPDEMISEPGDGKLKVLEQKSEQEIRFLVETTRQKNREIDEAIEALLGKIEKLSLGKAKGLKMEINADMSKWSAQDVFYKYFWLIALDPILYPQEKERILYFMCNYMDKELILPDELLFNLLDQKVAYQNDIIATMTNQLNSNTVLIKRNWLQGNFNYTSSYVHSCAMSVYKEILKEAITLLDGSILVNSLVHSDDNQTSITIVQDKMENDKIIDFAMKEFERACLTFGCQANMKKTYVTNCIKEFVSLFNLYGEPFSIYGRFLLTSVGDCAYIGPYEDLASRISSAQTAIKHGCPPSLAWVSIAISHWMTSLTYNMLPGQSNDPIDYFPAENRKDIPIELNGVLDAPLSMISTVGLESGNLYFLIKLLSKYTPVMQKRESVVNQIAEVKNWKVEDLTDNEIFRLKILRYLVLDSILTPRKFTGSLRKLYSFSKYQDRLSSPGGMVELFTYLLEKPELLVTKGEDMKDYMESVIFRYNSKRFKESLSIQNPAQLFIEQILFSHKPVIDFSGIRDKYINILGKVTFTEAYRLLMRDLSSLELTNDDIQVIYSYIILNDPMMITIANTHILSIYGSPQRRMGMSCSTMPEFRNHHSPALVLRAYSNNPDIPTEMARDLVHLKEFVENTNLEEKMKVRIAMNEAEKGQRDIVFELKEMTRFYQVCYEYVKSTEHKIKVFILPAKSYTTTDFCSLMQGNLIKDKEWYTVHYLKQIL	000000000000000000000000000000000000000000000000000000000000000000000000000000000000000000000000000000000000000000000000000000000000000000000000000000000000000000000000000000000000000000000000000000000000000000000000000000000000000000000000000000000000000000000000000000000000000000000000000110000000000000000000100000001000000000000000000000000000000000000000000000000001000001111010000000000000000000000000000000000011100000000000000100000000000000000000000000000000000000000000000000000000000000000000000000000100100000000000000011000000000000000000000000000000000000000000000000111000000000000000000000000000000000000000000000000000000000000000000000000000000000000000000000000000000000000000000000000000000000000000000000000000000000000000100000000000000000000000000000000000000000000000000000000000000000000000000000000000000000000000000000000000000000000000000000000000000000000000000000000000000000000000000000000000000000000000000000000000000000000000000000000000000000000000000000000000000000000000000000000000000000000000000000000000000000000000000000000001000000000000000000000000000000000000000000000000000000000000000000000000000000000000000000000000000000000000000000000000000000000000000000000000000000000000000000000000000000000000000000000000000000000000000000000000000000000000000000000000000000000000000000000000000000000000000000000000000000000000000000000000000000000000000000000000000000000000000000000000000000000000001100000000000000000000000000000000000000000000000000000000000000000000000000000000000000000000000000000000000000000000000000000000000000000000000000000000000000000000000000000000000000000000000000000000000000000000
5HD1:2j	RIKLRGFDHKTLDASAQKIVEAARRSGAQVSGPIPLPTRVRRFTVIRGPFKHKDSREHFELRTHNRLVDIINPNRKTIEQLMTLDLPTGVEIEIKT	000000000000000000000000000000011111100000000001011110000000000000000000000000000000000000000000
5I4A:C	AYLNLYKIDIPKKIKRLYFYNPDMEPKLFARNLSRVNNFKFQDDLVWIEIPDIDFQITPKNVFQYKVEKEEIIKEEEDKKLFVKTLYKYIKKLFLDNDFYFKKGNNFISNSEVFSLDSNENVNAHLTYKIKIHNISNEYYLSILPKFTFLSKEPALESAIKSGYLYNIKSGKSFPYISGLDGILKIDINQIVEVAYPENYLFNFTTRDAEKYGFSKEVHEIYKNKVFEGFKKIPKTLGFLNKITNLNENYQLKDGYKIFINVIYKFKNGESRYAKDVFKYSFYKNEQPLKAIFFFSSKKQFFEVQKSLKELFHNKHSVFYRAAAELGFSKVEFLRDSKTKSSAFLYNPEEFTVKNTEFINQIEDNVMAIVLLDKYIGNIDPLVRNFPDNLILQPILKEKLEDIKPFIIKSYVYKMGNFIPECKPFILKKMEDKEKNLYIGIDLSHDTYARKTNLCIAAVDNTGDILYIGKHKNLELNEKMNLDILEKEYIKAFEKYIEKFNVSPENVFILRDGRFIEDIEIIKNFISYNDTKYTLVEVNKNTNINSYDDLKEWIIKLDENTYIYYPKTFLNQKGVEVKILENNTDYTIEEIIEQIYLLTRVAHSTPYTNYKLPYPLHIANKVALTDYEWKLYIPY	00000000000000000000000000000000000000000000000000000000000000000000000000000000000100000000000000000011000000000000000000000000000000000000000000000000000000000000000011000000000000000000000001000000000000000000000000000000000000000000000000000000000000000000000000000000000000000000000000000000000000000000000000000000000000000000000000000000000000000000000000000000000000100000000000000000000000000000001001100000000000000000000000000000000000000000000000000000000000000000000000000000000000000000000000000000000000000000000000000000000000000000000000000000000000000000000000000000000000000000000000001000000000000000000000000000000
5JBG:A	SELHGYQLEAVAPALRGRNSIVWLPTGAGKTRAAVHVCRRHLEGRRGGRVAVLVNKVHLVQQHLEKEFHVLRDAFKVTAVSGDSSHKCFFGQLAKGSDVVICTAQILQNALLSGEEEARVELTDFSLLVIDECHHTQKEAVYNKIMLSYLQKKLSGQRDLPQILGLTASPGTGGETSFEGAVEHILQICANLDTEVIASAQEVPQPTKQYDLCQEREQDPFGQRLKKIMAQIQEHMEMPELPQNFGTQVYEQRIVELENRAAERFCRKTRVCALHLRRYNDALLINDTVRMMDAFQCLQQFYADKKDPTERFLATTFEENRATLQALAGDQRYENPRLSKLEEILQEHFQPGSSRGIVFTKTRQSAHSLLSWLQDTAGLCGQHIRAAVLTGSGHSNQAKGMTQNEQQDVITLFRYGELNLLFSTSVAEEGLDIPECNIVVRYGLMTNEIAMVQAQGRARAQNSMYSVLAKANSREVYREQLNESLVGLMERAIRAVQAMPERKYRLKIVELQRNAVLSWQVKEARSSERRQLHDPDDVYFHCVNCNVAVCRGSDIRTVEAMHHVNINPNFRFYYTVSSGKIHFERTFRDWEPGCRIVCSECRQEWGMEMIYRNVTLPILSIKNFVVVTPDEKKKYKKWSTVTFPIEEFSYLEYCSSTQDES	0000000000000000000000000000000000000000000000000000000000000000000000000000000111000011100000000000000000000000000000000000000000000000000100000000000000000000000000000000000000000000000000000000000000000000000000000000000000000000000000000000000000010000000000000000000000000000000000000000000000000000000000000000000000000000000000000000000000000000000000000000000000000000000000000000000000000000000000000000000000000000000000000000000000000000000000000000000000000000000000000000000000000000000000000000000000000000000000000000000000000000000000000000000011000000000000000000000000010000000000000000000000000000000000000000000000000000000000000000000000000
5O7H:D	QKVTGIKSVDFKIKALGHGVVNWNGPTTLTGDDGKTVDNHTLPKLRGYTNLTGKVKDETGYKYKKQATDINFKETPLYISQNCIRHHLFREQAFDLHYASDKNLKNVLASITGLIRGYVVPSSQCKRTSPLLLEDFVDQLGNGNFEQYGQAGARDSTSFFSKTTFGDTEYISYGSISIEQLQFISLDKKFDRAAVIKEGEGEVIAAELQNYIQSLNPSLNPQAIFHSNYVRRGTIFEEGECGILLNDDAVKALVAETLERLANLSIRQAKGYYVDDITVDYNDSHKRIKRDESEIINEQHAPFAQYFYAK	0000000000000000000000001000000000000000000000000000000000000000000000000000000000100000000000000000000000000000000011100000010100000000000000000000111100000000000000000000000000000000000000000000000000000000000000000000000000000000000000000000000000000000000000000000000000000000000000000000000000000000000000
5T16:A	YDPTKAGDIVKATKWPPKLPEIQDLAIRARVFIHKSTIKDKVYLSGSEMINAHNERLEFLGDSILNSVMTLIIYNKFPDYSEGQLSTLRMNLVSNEQIKQWSIMYNHEKLKTNFDLKDENSNFQNGKLKLYADVFEAYIGGLMEDDPRNNLPKIRKWLRKLAKPVIEEATRNQVALEKTDKLDMNAKRQLYSLIGYASLRLHYVTVKKPTAVDPNSIVECRVGDGTVLGTGVGRNIKIAGIRAAENALRDKKMLDFYAKQRAAIPRSESVLKDPS	00000000000000000000000000000000000100110000000000000000000000000000000000000000000000100000000000000000000000000000000001100000000000000000000000000000000000000000000000000000000000000001000100011000000000000000000000000000000000000000000000000000000000000000000000000010000
5THE:A	SIYKVENRHDYGTKGTKVDILTGSGRVPSRILDAPVVQFKESTFEYKDKSYGTKHEESKGNWNMKGHQFISTPAKQVNLRAIFINNANTAPPASMESELDISMDKFASDVKQLGVDFNVSGKPILINQFGPPIKPTFETSPGEISLLNLLENIPSNTYILYVLRRGNDSAVYDRLKYITDLKFGALNSCVVWDNFKKNSIQYNSNVVMKMNLKLLGSNHSLSIENNKLLIDKESNLPILVLGSDVTHYPEKDQNSIASLVGSYDDKFTQFPGDYMLQDGPGEEIITNVGSLMLNRLKIYQKHNNGKLPTKIMYFRDGVSVDQFSQVVKIEVKSIKESVRKFGPQLNGGNKYDPPVTCIATVKRNQVRFIPIQENAKNEKGEEVAVQSMGNVMPGTVVDRGITSVAHFDFFIQSHQALKGTGVPCHYWCLYDENQSTSDYLQEICNNLCYIFGRSTTSVKVPAPVYYADLLCTRATCFFKAGFELNMAQATVSKNVLLPQVNDNIKSVMYYI	0000000000000000000000000000000000000000000000000000000000000000000000000000000000000000000000000000000000000000000000000000000000000000000000000000000000000000000001000000000000000000000011100000000001001100000000000000000000000000000000000000000000000000000000000000000000000000000000000000000000000000000000000000000000000000000000000000000000000000000000000000000000000000000000000000000000000000000000000000000111100000000000000000000000000000000001000000000000000000000000000000000000000000000000000000000
5VW1:A	SMDKKYSIGLAIGTNSVGWAVITDEYKVPSKKFKVLGNTDRHSIKKNLIGALLFDSGETAEATRLKRTARRRYTRRKNRICYLQEIFSNEMAKVDDSFFHRLEESFLVEEDKKHERHPIFGNIVDEVAYHEKYPTIYHLRKKLVDSTDKADLRLIYLALAHMIKFRGHFLIEGDLNPDNSDVDKLFIQLVQTYNQLFEENPINASGVDAKAILSARLSKSRRLENLIAQLPGEKKNGLFGNLIALSLGLTPNFKSNFDLAEDAKLQLSKDTYDDDLDNLLAQIGDQYADLFLAAKNLSDAILLSDILRVNTEITKAPLSASMIKRYDEHHQDLTLLKALVRQQLPEKYKEIFFDQSKNGYAGYIDGGASQEEFYKFIKPILEKMDGTEELLVKLNREDLLRKQRTFDNGSIPHQIHLGELHAILRRQEDFYPFLKDNREKIEKILTFRIPYYVGPLARGNSRFAWMTRKSEETITPWNFEEVVDKGASAQSFIERMTNFDKNLPNEKVLPKHSLLYEYFTVYNELTKVKYVTEGMRKPAFLSGEQKKAIVDLLFKTNRKVTVKQLKEDYFKKIECFDSVEISGVEDRFNASLGTYHDLLKIIKDKDFLDNEENEDILEDIVLTLTLFEDREMIEERLKTYAHLFDDKVMKQLKRRRYTGWGRLSRKLINGIRDKQSGKTILDFLKSDGFARNFMQLIHDDSLTFKEDIQKAQVSDSLHEHIANLAGSPAIKKGILQTVKVVDELVKVMGRHKPENIVIEMARENQTTQKQKNSRERMKRIEEGIKELGSQILKEHPVENTQLQNEKLYLYYLQNGRDMYVDQELDINRLSDYDVDAIVPQSFLKDDSIDNKVLTRSDKNRGKSDNVPSEEVVKKMKNYWRQLLNAKLITQRKFDNLTKAERGGLSELDKAGFIKRQLVETRQITKHVAQILDSRMNTKYDENDKLIREVKVITLKSKLVSDFRKDFQFYKVREINNYHHAHDAYLNAVVGTALIKKYPKLESEFVYGDYKVYDVRKMIAKSEQEITAKYFFYSNIMNFFKTEITLANGEIRKRPLIETNGETGEIVWDKGRDFATVRKVLSMPQVNIVKKTEVQTGGFSKESILPKRNSDKLIARKKDWDPKKYGGFDSPTVAYSVLVVAKVEKGKSKKLKSVKELLGITIMERSSFEKNPIDFLEAKGYKEVKKDLIIKLPKYSLFELENGRKRMLASAGELQKGNELALPSKYVNFLYLASHYEKLKGSPEDNEQKQLFVEQHKHYLDEIIEQISEFSKRVILADANLDKVLSAYNKHRDKPIREQAENIIHLFTLTNLGAPAAFKYFDTTIDRKRYTSTKEVLDATLIHQSITGLYETRIDLSQLGGD	00000000000000000000000000000000011000000000000000000000001110110000000000010000000000000000000000000110111000000000110000000000000001110000000000000000000000000000001110000000000000000000000000000000000000000000000000000000000000000000000000000000000000000000000000000000000000000000000000000000000000000000000000000000000001000000000000000000000000000000000000000000000000000000000000000000000000000110011111000000000000000000000000000000000000000111011011100000000000000000000000000000000000000000000000000000000000000000000000000000000000000000000000000000000000000000000000000000000000000000000000000000000000000000000000000000000000000000000000000000000000000000000000000000000000000000000000000000000000000000000000001110000000000000000000001000000000000000000000000000000000000000000000000000000000000000000000000000000000000000000000000000000000000000000000000000000000000000000000000000000000000000000000000000000000000000000000000000000000000000000000000000000000000000000000000000000000000000000000000000000000000000000000000000000000000000000000000000000000000000000000000000000000011100001100000000000000000001100000000000000000000000000000000000000000000000000000000000000000000000000000000000000000000000000000000000000000000000000000000000000000000000000000000000000000000000000000000000000000000000000000000000000000000000011110000011000000000
5W1H:A	KLTVNAKTAVVSENRSQEGILYNDPSRYGKSRKNDEDRDRYIESRLKSSGKLYRIFNETDELQWFLSEIVKKINRRNGLVLDMLSVDDRAFEKAFEKYAELSYTNRRNKVSGSPAFETCGVDAATAERLKGIISETNFINRIKNNIDNKVSEDIIDRIIAKYLKKSLCRERVKRGLKKLLMNAFDLPYSDPDIDVQRDFIDYVLEDFYHVRAKSQVSRSIKNMNMPVQPEGDGKFAITVSKGGTESGNKRSAEKEAFKKFLSDYASLDERVRDMLRRMRRLVVLYFYGSDDSKLSDVNEKFDVWEDHAARRVDNREFIKLPLENKTDKDAERIRKNTVKELYRNQNIGCYRQAVKAVEEDNNGRYFDDKMLNMFFIHRIEYGVEKIYANLKQVTEFKARTGYLSEKIWKDLINYISIKYIAMGKAVYNYAMDELNASDKKEIELGKISEEYLSGISSFDYELIKAEEMLQRETAVYVAFAARHLSSQTVELDSENSDFLLLKPKGTMDKNDKNKLASNNILNFLKDKETLRDTILQYFGGHSLWTDFPFDKYLAGGKDDVDFLTDLKDVIYSMRNDSFHYATHNNGKWNKELISAMFEHETERMTVVMKDKFYSNNLPMFYKNDDLKKLLIDLYKDNVERASQVPSFNKVFVRKNFPALVRDKDNLGIELDLDADKGENELKFYNALYYMFKEIYYNAFLNDKNVRERFITKATKVADNNYIAENDFGQRIKNIVQVNPDYTLAQICQLIMTEYNCMQKKSAYKMLLLVNLRKAFLEFIKENYAFVLKPYKHDLCDKADFVPDFAKYVKPYAGLISRVAGSSELQKWYIVSRFLSPAQANHMLGFLHSYKQYVWDIYRRASETGTEINHSIAEDKIAGVDITDVDAVIDLSVKLCGTISSEISDYFKDDEVYAEYISSYLDFEYDGGNYKDSLNRFCNSDAVNDQKVALYYDGEHPKLNRNIILSKLYGERRFLEKITDRVSRSDIVEYYKLKKETSQYQTKGIFDSEDEQKNIKKFQEMKNIVEFRDLMDYSEIADELQGQLINWIYLRERDLMNFQLGYHYACLNNDSNKQATYVTLDYQGKKNRKINGAILYQICAMYINGLPLYYVDKDSSEWTVSDGKESTGAKIGEFYRYAKSFENTSDCYASGLEIFENISEHDNITELRNYIEHFRYYSSFDRSFLGIYSEVFDRFFTYDLKYRKNVPTILYNILLQHFVNVRFEFVSGKKMIGIDKKIAKEKECARITIREKNGVYSEQFTYKLKNGTVYVDARDKRYLQSIIRLLFYPEKVNMDEMIEV	000000000000000000000000000000000000000000000000000000000000000000000000000000000000000000000000000000000000000000000000000000000000000000000000000000000000000000000000000000000000000000000000000000000000000000010001001001100000000000000000000000000000000000000000000000000000000000000000000000000000000100000000000000000000000000000000000000000000000000000000000000000000000000000000000000000000000000000000000000000000000000000000000000000000000000000000100110000000000000000000000000000000000000000000000000000000000000000000000000000000000000000000000000000000000000000000000000000000000000000000000000000000000000000000000000000000000000100000000000000000000000000000000000000000100000000000000000000000000000000000000000000000000000000000000000000011100000000000000000000000000000000000000000000000000000000000000000000000000000011001000100000000000000000000000000000000000000000000000000000000000000000000000000000000000000000000000000000000000000000000000000000000000000000000000000000000000000000000000000000000000000000000000000000000000000000000000000000000000000000000000000000000000000000000000000000000000000000000000000000000000000000000000100000000000000000000000000000000000000000001001000100000000000000001000000000000000001110000000000000011100000000000000000000000000000000000000
5WT1:A	MSGVKVRREDAKKVLELLKSVGILDGKRKAIRDEKYVIFPVTDTNIAKSLGLEVVDVELPMRPERQIYKNLEDLLPREIFKKLGRLDIVGDIAIVSIPDEILSEREVIVSAIRKLYPKVKVIARRGFHSGLYRIRELEVIWGENRLHTIHKENGVLIKVDLSKVFFNPRMKGERYRIAQLVNDGERILVPFAGVIPYPLVIARFKNVEVYAVEINEFAVKLAEENLELNRDRLKGKIKIIHGDVFEVLPNLPNFDRVVSPTPKGVDALSLTLSKAEKFLHYYDFVHESEIERFRERVLEECRRQGKECRVSVRKVSDYKPHVYKVCADVEIL	00000001101100000000000001000000000000000000000000000000000000000101000000000000000000000000000000000000000000000000000000000000000000000000000000000001100000000000000000010000000000000000000000000000000000000000000000000000000000000000000000000000000000000000000000000000000000000000000000000000000000000000000000000111000000000000
5WTK:A	GNLFGHKRWYEVRDKKDFKIKRKVKVKRNYDGNKYILNINENNNKEKIDNNKFIRKYINYKKNDNILKEFTRKFHAGNILFKLKGKEGIIRIENNDDFLETLRIIENDELETKKSIYEIFKNINMSLYKIIEKIIENETEKVFENRYYEEHLREKLLKDDKIDVILTNFMEIREKIKSNLEILGFVKFYLNVGGDKKKSKNKKMLVEKILNINVDLTVEDIADFVIKELEFWNITKRIEKVKKVNNEFLEKRRNRTYIKSYVLLDKHEKFKIERENKKDKIVKFFVENIKNNSIKEKIEKILAEFKIDELIKKLEKELKKGNCDTEIFGIFKKHYKVNFDSKKFSKKSDEEELYKIIYRYLKGRIEKILVNEQKVRLKKMEKIEIEKILNESILSEKILKRVKQYTLEHIMYLGKLRHNDIDMTTVNTDDFSRLHAKEELDLELITFFASTNMELNKIFSRENINNDENIDFFGGKNYVLDKKILNSKIKIIRDLDFIDNKNNITNNFIRKFTKIGTNERNRILHAISKERDLQGTQDDYNKVINIQNLKISDEEVSKALNLDVVFKDKKNIITKINDIKISEENNNDIKYLPSFSKVLPEILNLYRNNPKNEPFDTIETEKIVLNALIYVNKELYKKLILEDDLEENESKNIFLQELKKTLGNIDEIDENIIENYYKNAQISASKGNNKAIKKYQKKVIECYIGYLRKNYEELFDFSDFKMNIQEIKKQIKDINDNKTYERITVKTSDKTIVINDDFEYIISIFALLNSNAVINKIRNRFFATSVWLNTSEYQNIIDILDEIMQLNTLRNECITENWNLNLEEFIQKMKEIEKDIKSKILCRIIFNSDLKKYKKEIDNLIEDMESENENKFQEIYYPKERKNELYIYKKNLFLNIGNPNFDKIYGLISNDIKMADAKFLFNIDGKNIRKNKISEIDAILKNLNDKLNGYSKEYKEKYIKKLKENDDFFAKNIQNKNYKSFEKDYNRVSEYKKIRDLEFNYLNKIESYLIDINWKLAIQMARFERDMHYIVNGLRELGIIKLSGYNTGISRAYPKRNGSDGFYTTTAYYKFFDEESYKKFEKICYGFGIDLSENSEINKPENESIRNYISHFYIVRNPFADYSIAEQIDRVSNLLSYSTRYNNSTYASVFEVFKKDVNLDYDELKKKFKLIGNNDILERLMKPKKVSVLELESYNSDYIKNLIIELLTKIE	00000000000000000000000000000000000000000000000000000000000000000000000010000000000000000100000000000000000000000000000000000000000000000000000000000000000000000000000000000000000000000000000000100000000000000000000000000000000000000000000001000000000000000001000011000000000000000000000000000000000000000000000000000000000010000000000000000000000000000110000000000000000000000000000000000000000000000000000000000000000000000001001100000000000000000000000000000000000000000000000000000000000000000000000000000000000000000000000000000000000000000000000000000000000000000000000000000000000000000000000000000000000000000000000000000000000000000000000000000000000000000000000000000000000110001000000000000000000000000000000000000000000000000000000000000000000000000000000000000011001000000000000000000000000000000000000000000000000000000000000000000000000000000000000000000000000000000000000000000000000000000000000000000000000000000000000000000000000000000000000000000000000000000000000000000000000000000000000000000000000000000000000000000000000000000000000000000000000000000000000000000000000000000000000000000000000000000000000000000000000110000000000000000000000001000000000000000000011100000000000000000000000
5WTY:A	ASFGVLDREELEYFKQAESTLQLDAFEAPEEKFQFVTSIIEEAKGKELKLVTSQITSKLMERVILECDETQLKDIFQSFNGVFFGLSCHKYASHVLETLFVRSAALVERELLTPVTMENMFLFMLNELKPHLKTMMNHQYASHVLRLLILILSSKTLPNNKVYQTPESFKSELRDIITTLYKGFTNGAESRSDISQSTITKFREYSVDKVASPVIQLIIQVEGIFDRDRSFWRLVFNTADEKDPKEESFLEYLLSDPVGSHFLENVIGSARLKYVERLYRLYMKDRIVKLAKRDTTGAFVVRALLEHLKEKDVKQILDAVVPELSMLLNSNMDFGTAIINASNKQGGYLRDDVIAQLIQKYYPEKSDAKNILESCLLLSASTLGNTRDDWPTAEERRRSVFLEQLIDYDDKFLNITIDSMLALPEERLIQMCYHGVFSHVVEHVLQTTRVDIIKRKMLLNILSKESVNLACNVYGSHIMDKLWEFTAKLTLYKERIARALVLETEKVKNSIYGRQVWKNWKLELYVRKMWDWKKLIKEQEFEIF	0000000000000000000000000000000000000000000000000000000000000000000000000000000000000000000000000000000000000000000000000000000000000000000100000000000000000000000000000000000000000000000000000000000000000000110000000000000000000000000000000000000000000000110000000000000000000000000000000000001000000000000000000000000000000000000000000000000000000000000000000000000000000000000000000000000010000000000000000000000000000000000000000011000000000000000000000000000000000000010000000000000000000000000000000000000100000000000000000000000000000000
5WZG:A	IDPETSKYFSEIANLFDSNEVELEERSVICGNALEETRGREYEIATDYIISHVLQTLLEGCELDQLCSFIRNSASVFPAIAMDRSGSHVAESALKSLATHLENPDAYSVIEEALHSICKVIVDNPLDMMCNCYGSHVLRRLLCLCKGVSLDSPELYGAKSSKALAKRLNLPHQGFPGMLTYLLSGLLSCSREDMKYLQVDQYSSLVLQTALRLMLKQDEQLLEIIPLILRCNGFHIETNVAKEILESMKDNSFSHLVEVILEVAPESLYNEMFNKVFKNSLFELSVDRCANFVIQALISHARDQEQMGIMWEELAPRFKDLLEQGKSGVVASLIAVSQRLQSHENKCCEALVGAVCSTNESRISILPRLLFLDYYFGCRDKSTWEWAPGAKMHVMGCLILQGIFKFSSDHIQPYITSLTSMKAEYITETAKDSSGARVIEAFLASDAATKQKRRLIIKLRGHFGELSLHTSGSFTVEKCFDACNLTLREAIASELLDVKVDLSKTKQGPYLLRKLDIDGYASRPDQWKSRQEAK	000000000000000000000000000000000000000000000000000000000000000000000000000000000001100000000000000000000000000000000000000000000000000000000000000000000000000010000000000000000000000000000000000000000000000000000000000000000000000000000000000000000000000000000000000000000000000000000001100000000000000000000000000000000000100100000000000000000000000000000000000000000000000000000000000000000000000000000000000000000000000000000000110000000000000000000000000000000000011000000000000000000000000000000000011000000000000000000000000000
6AAY:A	NIYYNPFKPQDKSYFAGYFNAAENTDSVFRELGKRLKGKEYTSENFFDAIFKENISLVEYERYVKLLSDYFPARLLDKKEVPIKERKENFKKNFKGIIKAVRDLRNFYTHKEHGEVEITDEIFGVLDELKSTVLTVKKKKVKTDKTKEILKKSIEKQLDILCQKKLEYRDTARKIEEKRRNQRERGEKELVAPFKYSDKRDDLIAAIYNDAFDVYIDKKKDSLKESSKAKYNTKSDPQQEEGDLKIPISKNGVVFLLSLFLTKQEIHAFKSKIAGFKATVIDEATVSEATVSHGKNSICFATHEIFSHLAYKKLKRKVRTAAEQLSVYAKETLQLDELSKVPDVVYQNLSEDVQKTFIEDWNEYLKENNTEEEQVIHPVIRKRYEDKFNYFAIRFLDEFAQFPTLRFQVHLGNYLHDSRPKENLISDRRIKEKITVFGRLSELEHKKALFIKNTETNEDREHYWEIFPNPNYDFPKENISVNDKDFPIAGSILDREKQPVAGKIGIKVKLLNQQYVSEVDKAVKAHQLKQRKASKPSIQNIIEEIVPINESNPKEAIVFGGQPTAYLSNDIHSILYEFFDKWEKKKEKLEKKGEKELRKEIGKELEKKIVGKIQAQIQQIIDKDTNAKILKPYQDGNSTAIDKEKLIKDLKQEQNILQKLKDEQTVREKEYNDFIAYQDKNREINKVRDRNHKQYLKDNLKRKYPEAPARKEVLYYREKGKVAVWLANDIKRFPTDFKNEWKGEQHSLLQKSLAYYEQCKEELKNLLPEKVFQHLPFKLGGYFQQKYLYQFYTCYLDKRLEYISGLVQQAENFKSENKVFKKVENECFKFLKKQNYTHKELDARVQSILGYPIFLERGFDEKPTIIKGKTFKGNEALFADWFRYYKEYQNFQTFYDTENYPLVELEKKQADRKRKTKIYQQKKNDVFTLLAKHIFKSVFKQDSIDQFSLEDLYQSREERLGNQERARQTGERNTNYIWNKTVDLKLCDGKITVENVKLKNVGDFIKYEYDQRVQAFLKYEENIEWQAFLIEEENYPYVVEREIEQYEKVRREELLKEVHLIEEYILEKVKDKEILKKGDNQNFKYYILNGLLKQLKNEDVESYKVFNLNTEPEDVNINQLKQEATDLEQKAFVLTYIANKFAHNQLPKKEFWDYCQEKYGKIEKEKTYAEYFAEVFKKEKEALIKL	0000000000000000000000000000000000000000000000000000000000000000000000000000000000000000000000000000000000000000000000000000000000000000000000000000000000000000000000000000000000000000000000000001000001000000000000000000000000000000000000000000000000000000000000000000000000000000000000000000000000000000000000000000000000000000000000000000000000000000000000000000000000000000000000000000000000000000000000000000000000000000000000000000000000000000000000000000000000000010001101000010110000000000000011000000000000000000000000101000000000000000000000000000000001000000000000000000000000000000000000000000000000000000000000000001100000000000000000000000000000000000000000000000000000000000000000000000000000000000000000000000000000000000001011100000000000000000000000000000000000000000000000000000000000000000000000000000000000000000000000000000001100000101010000111010011000000000000000000000000000000000000000000000000000000000000000000000000000000000000000000000000000000000000000000000000000000000000000000000000000000000000000000000000000000000000000000000000000000000000000000000000000000000000000000000000000000000000000000000000000000000000000000000000000000000000000000000000000
6ASO:A	ANEALTRNRELTTVLVKNLPKSYNQNKVYKYFKHCGPIIHVDVADSLKKNFRFARIEFARYDGALAAITKTHKVVGQNEIIVSHLTECTLWMTNFPPSYTQRNIRDLLQDINVVALSIRLPSLRFNTSRRFAYIDVTSKEDARYCVEKLNGLKIEGYTLVTKVSNPLEKSKRTDSATLEGREIMIRNLSTELLDENLLRESFEGFGSIEKINIPAGQKEHSFNNCCAFMVFENKDSAERALQMNRSLLGNREISVSLADKKPFLERNEVKRLLASRNSKELETLICLFPLSDKVSPSLICQFLQEEIHINEKDIRKILLVSDFNGAIIIFRDSKFAAKMLMILNGSQFQGKVIRSGTINDMKRYYNNQQ	000000000001100000000000000000000000000100000000000000000000000000000000000000000000000000000100000100000000000000000000100010100010000000000000000000000000000000000100000100000100000000000000000000000000000000011100011100001100001100000000000000000000010000010010010010010000000000000000000000000000000000000000000000000000000000000000000000000000000000000000000000000
6CFK:2c	GNKIHPIGFRLGITRDWESRWYAGKKQYRHLLLEDQRIRGLLEKELYSAGLARVDIERAADNVAVTVHVAKPGVVIGRGGERIRVLREELAKLTGKNVALNVQEVQNPNLSAPLVAQRVAEQIERRFAVRRAIKQAVQRVMESGAKGAKVIVSGRIGGAEQARTEWAAQGRVPLHTLRANIDYGFALARTTYGVLGVKAYIFLGEV	11000000000000000000000000000000000000000000000000000000000000000000000000000000000000000000000000000000000000000000000000000000000000000000000000000000010000010000000000000000110000000000000111110000000000
6DTD:A	YYELTDKHFWAAFLNLARHNVYTTINHINRRLEIAELKDDGYMMGIKGSWNEQAKKLDKKVRLRDLIMKHFPFLEAAAYEMTNNNKEQREKEQSEALSLNNLKNVLFIFLEKLQVLRNYYSHYKYSEESPKPIFETSLLKNMYKVFDANVRLVKRDYMHHENIDMQRDFTHLNRKKIDSPNFHYHFADKEGNMTIAGLLFFVSLFLDKKDAIWMQKKLKGFKDGRNLREQMTNEVFCRSRISLPKLKLENVQTKDWMQLDMLNELVRCPKSLYERLREKDRESFKVPFDIFEPFKNTLVRHQDRFPYFVLRYFDLNEIFEQLRFQIDLGTYHFSIYNKRIGDEDEVRHLTHHLYGFARIQDFAPQNQPEEWRKLVKTSQEPYISKTAPHYHLENEKIGIKFCSAHNNLFPSLQTDKTCNGRSKFNLGTQFTAEAFLSVHELLPMMFYYLLLTKDYSRKESADKVEGIIRKEISNIYAIYDAFANNEINSIADLTRRLQNTNILQGHLPKQMISILKGRQKDMGKEAERKIGEMIDDTQRRLDLLCKQTNQKIRIGKRNAGLLKSGKIADWLVNDMMRFQPVQKDQNNIPINNSKANSTEYRMLQRALALFGSENFRLKAYFNQMNLVGNDNPHPFLAETQWEHQTNILSFYRNYLEARKKYLKGLKPQNWKQYQHFLILKVQKTNRNTLVTGWKNSFNLPRGIFTQPIREWFEKHNNSKRIYDQILSFDRVGFVAKAIPLFAEEYKDNVQPFYDYPFNIGNRLKPKKRQFLDKKERVELWQKNKELFKNYPSEKKKTDLAYLDFLSWKKFERELRLIKNQDIVTWLMFKELFNMAGEIHLRDIDTNTANEESNNILNRIMPMKLPVKTYETDNKGNILKERPLATFYIEETETKVLKQGNFKALVKDRRLNGLFSFAETTDLNLEEHISKLSVDLELIKYQTTRISIFEMTLGLEKKLIDKYSTLPTDSFRNMLERWLQCKANRPELKNYVNSLIAVRNAFSHNQYPMYDATLFAEVKKFTLFPKKIELNIAPQLLEIVGKAIKEIEKSEN	0000000000000000000000000000000000000000000000000000000000000000000000000000000000000000000000000000000000000000000000000000000000000000000000000000000000000000000000000000000000000000000000000000000000000000000000000000000000000000000000000000000000000000000000000000000000000000000000000000000000000000000000000000000000000000000000000000000000000000000000000000000000000000000000000000000001000000000000000000000000000000000000000000000000000000000000000000000000000000000000000000000000000000000000000111000000000000000000000000000000000000000000000000000000000000000000000000000000000010010110010000000000000000000000000000000000000000000000000000000000000000000000000000000000000000000110010101000000000000000000000000000001110000000000000000000000000000000000000000000000000000000000000000000000000000000000000000000000000000000000000000000000000000000000000000000000000000000000000000000000000000000000000000000000000000000000000000000000000000000000000000000000000000000000000000000000000000000000000000000000000000000000000000000000000000000
6DU4:A	KSMHARNRYKDKPPDFAYLASKYPDFKQHVQINLNGRVSLNFKDPEAVRALTCTLLREDFGLSIDIPLERLIPTVPLRLNYIHWVEDLIGHLRRGIDIGTGASCIYPLLGATLNGWYFLATEVDDMCFNYAKKNVEQNNLSDLIKVVKVPQKTLLMDALSEIIYDFCMCNPPFFANQLEAKGVNSRNPRRPPPSSVNTGGITEIMAEGGELEFVKRIIHDSLQLKKRLRWYSCMLGKKCSLAPLKEELRIQGVPKVTYTEFCQGRTMRWALAWSFYDDVTVPSPPSK	00000000000000000000000000000000000000000100000000000000000000000000000001001000000000000000000000000000000000000000000000000000000000000000000000000000000000000000000000000000000000000000001011001000000000000000000000000000000000000001110000000000000000000000000001100000000000000000000
6H9H:A	GQQHLLRFALPAGKKLWPNDLREALAKHDLPPLFFSRDPQTGHAITRAMRNEKRVRGYIEQHGHEPPPPTEEQRANPLAIPGIRIVGSSTWVGILATGERYKPLLEAATLPAIQIVTQRCGRGVGVELEQHTLSIKGLDDPKRYFVRNLVMKRGLTKTAENTTQVASRILSALERQAVAYSLDLPPTAQVDIHVESVVRPRGMRLVTSTGATEQFVGLADVEFYACLDLKGYWFAGNLTSRGYGRIIADH	0000000000000000000000000000000000000000001111100000000000000000000000000000000000000000000000000000000000000000000000000000000000000000000000001010000000000000000000000000000000000000000000000000000011100000000101100001000000000000000000000000000000
6IFN:B	TYKLYIMTFQNAHFGSGTLDSSKLTFSADRIFSALVLEALKMGKLDAFLAEANQDKFTLTDAFPFQFGPFLPKPIGYPKHDQIDQSVDVKEVRRQAKLSKKLQFLALENVDDYLNGELFENEEHAVIDTVTKNQPHKDDNLYQVATTRFSNDTSLYVIANESDLLNELMSSLQYSGLGGKRSSGFGRFELDIQNIPLELSDRLTKNHSDKVMSLTTALPVDADLEEAMEDGHYLLTKSSGFAFSHATNENYRKQDLYKFASGSTFSKTFEGQIVDVRPLDFPHAVLNYAKPLFFKLE	000000000000001011000000000001001100100000000000000000000000000000000000000000000000000000000000000000000000000000000000000000000001111000000000000000000000000000000000000000000100000000000000000000000000000000000000000000000000000000000001101100000000000000000000000000000000000000001000000000000
6IFN:E	MTFAKIKFSAQIRLETGLHIGGSDAFAAIGAIDSPVIKDPITNLPIIPGSSLKGKMRTLLAKVYNEKVAEKPSDDSDILSRLFGNSKDKRFKMGRLIFRDAFLSNADELDSLGVRSYTEVKFENTIDRITAEANPRQIERAIRNSTFDFELIYEITDENENQVEEDFKVIRDGLKLLELDYLGGSGSRGYGKVAFENLKATVFGNYDVKTLNELLTAE	00000000000000000000110000000000000000000000000000100110000000000000000000000000000011000001000000000000000000000000000000111000001110000000000000000000000000000000000000000000000000100000000000000000000000000000000000
6IV8:A	EKKKSSVKAAGKSILVSENKYITSFGKGNSAVLEYEVDNNDYNKTQLSSKDNSNIELGDVNEVNITFSSKHGFGSGVEINTSNPTHRSGESSPVRGDLGLKSELEKRFFGKTFDDNIHIQLIYNILDIEKILAVYVTNIVYALNNLGIKDSESYDDFGYLSARNTYEVFTHPDKSNLSDKVKGNIKKSLSKFNDLLKTKRLGYFGLEEPKTKDTRASEAYKKRVYHLAIVGQIAQCVFHDKSGAKRFDLYSFINNIDPEYRDTLDYLVEERLKSINKDFIEGNKVNISLLIDKGYEADDIIRLYYDFIVLKSQKNLGFSIKKLREKLEEYGFRFKDKQYDSVRSKYKLDFLLFCNYYRNDVAAGEALVRKLRFSTDDEKEGIYADEAAKLWGKFRNDFENIADHNGDVIKELGKADDFDEKILDSEKKNASDLLYFSKIYLTYFLDGKEINDLLTTLISKFDNIKEFLKIKSSAVDVECELTAGYKLFNDSQRITNELFIVKNIASRKPAASAKLTFRDALTILGIDDNITDDRISEILKLKEKGKGIHGLRNFITNNVIESSRFVYLIKYANAQKIREVAKNEKVVFVLGGIPDTQIERYYKSCVEFPDNSSLEAKRSELARIKNISFDDFKNVKQQAKGRENVAKERAKAVIGLYLTVYLLVKNLVNVNARYVIAIHCLERDFGLYKEIIPELASKNLKNDYRILSQTLCELCDDRNESSNLFLKKNKRLRKCVEVDINNADSSTRKYANCIAHLTVVRELKEYIGDIRTVDSYFSIYHYVQRCITKRGEEKIKYEDDLLKNHGYTKDFVKALNSPFGYNIPRFKNLSIEQLFDRNEYLTEK	0000000100000000000000000000000000000000000000000000000000000000000000000000000001000000000000001000000000000000000100110000000000000000000000000000000000000000000000000000000000000000000000000000000000000000000000000000000000000000000000000000000000000000000000000000000000100000000000000000000000000000000000000000110000000000000000000000110000000000000000000000000100010000000000000000000000000000000001000000000000000000000000000000000000000000000000100000000000000000000000000000000000000000000000000010000110000000000000000000000000001100000000000000000000000000000000000000000000000000100000000000000000000000000000000000000000000000000000000000000000000000000000000000000000000000000000000000000000000000000000000000000000000000000000000000000000000000000000000000000000000000000000000000000000000000000000000000000110000000000001000001
6OON:A	LFQPPRRPGLGTVGKPIRLLANHFQVQIPKIDVYHYDVDIKPEKRPRRVNREVVDTMVRHFKMQIFGDRQPGYDGKRNMYTAHPLPIGRDRVDMEVTLQTFKVSVQWVSVVSLQLLLEALAGHLNEVPDDSVQALDVITRHLPSMRYTPVGRSFFSPPEGYYHPLGGGREVWFGFHQSVRPAMWNMMLNIDVSATAFYRAQPIIEFMCEVLDIQNIKPLTDSQRVKFTKEIRGLKVEVRKYRVCNVTRRPASHQTFPLMECTVAQYFKQKYSLQLKYPHLPCLQVTYLPLEVCNIVAGQRCIKKLTDNQTSTMIKATARSAPDRQEEISRLVKSPDPYLKEFGIVVHNEMTELTGRVLPAPMLQYGGRNKTVATPNQGVWDMRGKQFYAGIEIKVWAVACFAPQKQCREDLLKSFTDQLRKISKDAGMPIQGQPCFCKYAQGADSVEPMFKHLKMTYVGLQLIVVILPGKTPVYAEVKRVGDTLLGMATQCVQVKNVVKTSPQTLSNLCLKINAKLGGINNVLVPHQRPSVFQQPVIFLGADVTHPPKKPSIAAVVGSMDGHPSRYCATVRVQTYSQEVIQDLTNMVRELLIQFYKSTRFKPTRIIYYRGGVSEGQMKQVAWPELIAIRKACISLEEDYRPGITYIVVQKRHHTRLFCADKTERVGKSGNVPAGTTVDSTITHPSEFDFYLCSHAGIQGTSRPSHYQVLWDDNCFTADELQLLTYQLCHTYVRCTRSVSIPAPAYYARLVAFRARYHLVDKDRDPQALAKAVQIHHDTQHTMYFA	00000000000000000000000000000000000000000000110100000000000000000000000000000000000000000000000000100000000000000000000000000000000000000000000000000001100000000000000000000000000000000000000000111000000000000000000000000000000000000000000001100000000000000000000000000000000000000000011110000000000000000000101111111111000000000000000000000000000000000000000000000000000000000000000000000000000000000000000000000000000000000000000000000000000000000000000000000000000000000000000000000001111111100000100111111100000000000000000000000000000000000110000000000000000000000000000000000000000000000000000000000000000000101000000000000000000000000000000000000000000000000000000000000000000000000000011111111000000000000000000000000000000000010000000000000000010000000000000000000000000000000
6QCW:B	GMNINPYFLFIDVPIQAAISTTFPYTGVPPYSHGTGTGYTIDTVIRTHEYSNKGKQYISDVTGCTMVDPTNGPLPEDNEPSAYAQLDCVLEALDRMDEEHPGLFQAASQNAMETLMVTTVDKLTQGRQTFDWTVCRNQPAATALNTTITSFRLNDLNGADKGGLIPFCQDIIDSLDRPEMTFFSVKNIKKKLPAKNRKGFLIKRIPMKVKDKITKVEYIKRALSLNTMTKDAERGKLKRRAIATAGIQIRGFVLVVENLAKNICENLEQSGLPVGGNEKKAKLSNAVAKMLSNCPPGGISMTVTGDNTKWNECLNPRIFLAMTERITRDSPIWFRDFCSIAPVLFSNKIARLGKGFMITSKTKRLKAQIPCPDLFSIPLERYNEETRAKLKKLKPFFNEEGTASLSPGMMMGMFNMLSTVLGVAALGIKNIGNKEYLWDGLQSSDDFALFVNAKDEETCMEGINDFYRTCKLLGINMSKKKSYCNETGMFEFTSMFYRDGFVSNFAMELPSFGVAGVNESADMAIGMTIIKNNMINNGMGPATAQTAIQLFIADYRYTYKCHRGDSKVEGKRMKIIKELWENTKGRDGLLVADGGPNIYNLRNLHIPEIVLKYNLMDPEYKGRLLHPQNPFVGHLSEADITPAHGPVKKMDYDAVSGTHSWRTKRNRSILNTDQRNMILEEQCYAKCCNLFEACFNSASYRKPVGQHSMLEAMAHRLRMDARLDYESGRMSKDDFEKAMAHLGEI	0000000000000000000000000000000011000000000000000000000000000000000000000000000000000000000000000000000000000000000000000000000000000000100000000000000000000000000000000000000000000000000000000000000000000000000000000000000000000000000000000011000000000000000000000000000010110000000000000000000000000000000000000000000000000000000000000000000000000000000000000000000000000000000000000000000000000000000000000000100000000000000000000000000000000000000000000000000000000000000000000000000000000000000000000001001000100000000000000000000000000000000000000000000000000000000000000000000000000000000000000000000000000000000000000000000000000000000000000100000000000000000100000000000000000000000000000000000000000000000000000000000000000000000000000
