AA	ANDN920101	ARGP820101	ARGP820102	ARGP820103	BEGF750101	BEGF750102	BEGF750103	BHAR880101	BIGC670101	BIOV880101	BIOV880102	BROC820101	BROC820102	BULH740101	BULH740102	BUNA790101	BUNA790102	BUNA790103	BURA740101	BURA740102	CHAM810101	CHAM820101	CHAM820102	CHAM830101	CHAM830102	CHAM830103	CHAM830104	CHAM830105	CHAM830106	CHAM830107	CHAM830108	CHOC750101	CHOC760101	CHOC760102	CHOC760103	CHOC760104	CHOP780101	CHOP780201	CHOP780202	CHOP780203	CHOP780204	CHOP780205	CHOP780206	CHOP780207	CHOP780208	CHOP780209	CHOP780210	CHOP780211	CHOP780212	CHOP780213	CHOP780214	CHOP780215	CHOP780216	CIDH920101	CIDH920102	CIDH920103	CIDH920104	CIDH920105	COHE430101	CRAJ730101	CRAJ730102	CRAJ730103	DAWD720101	DAYM780101	DAYM780201	DESM900101	DESM900102	EISD840101	EISD860101	EISD860102	EISD860103	FASG760101	FASG760102	FASG760103	FASG760104	FASG760105	FAUJ830101	FAUJ880101	FAUJ880102	FAUJ880103	FAUJ880104	FAUJ880105	FAUJ880106	FAUJ880107	FAUJ880108	FAUJ880109	FAUJ880110	FAUJ880111	FAUJ880112	FAUJ880113	FINA770101	FINA910101	FINA910102	FINA910103	FINA910104	GARJ730101	GEIM800101	GEIM800102	GEIM800103	GEIM800104	GEIM800105	GEIM800106	GEIM800107	GEIM800108	GEIM800109	GEIM800110	GEIM800111	GOLD730101	GOLD730102	GRAR740101	GRAR740102	GRAR740103	GUYH850101	HOPA770101	HOPT810101	HUTJ700101	HUTJ700102	HUTJ700103	ISOY800101	ISOY800102	ISOY800103	ISOY800104	ISOY800105	ISOY800106	ISOY800107	ISOY800108	JANJ780101	JANJ780102	JANJ780103	JANJ790101	JANJ790102	JOND750101	JOND750102	JOND920101	JOND920102	JUKT750101	JUNJ780101	KANM800101	KANM800102	KANM800103	KANM800104	KARP850101	KARP850102	KARP850103	KHAG800101	KLEP840101	KRIW710101	KRIW790101	KRIW790102	KRIW790103	KYTJ820101	LAWE840101	LEVM760101	LEVM760102	LEVM760103	LEVM760104	LEVM760105	LEVM760106	LEVM760107	LEVM780101	LEVM780102	LEVM780103	LEVM780104	LEVM780105	LEVM780106	LEWP710101	LIFS790101	LIFS790102	LIFS790103	MANP780101	MAXF760101	MAXF760102	MAXF760103	MAXF760104	MAXF760105	MAXF760106	MCMT640101	MEEJ800101	MEEJ800102	MEEJ810101	MEEJ810102	MEIH800101	MEIH800102	MEIH800103	MIYS850101	NAGK730101	NAGK730102	NAGK730103	NAKH900101	NAKH900102	NAKH900103	NAKH900104	NAKH900105	NAKH900106	NAKH900107	NAKH900108	NAKH900109	NAKH900110	NAKH900111	NAKH900112	NAKH900113	NAKH920101	NAKH920102	NAKH920103	NAKH920104	NAKH920105	NAKH920106	NAKH920107	NAKH920108	NISK800101	NISK860101	NOZY710101	OOBM770101	OOBM770102	OOBM770103	OOBM770104	OOBM770105	OOBM850101	OOBM850102	OOBM850103	OOBM850104	OOBM850105	PALJ810101	PALJ810102	PALJ810103	PALJ810104	PALJ810105	PALJ810106	PALJ810107	PALJ810108	PALJ810109	PALJ810110	PALJ810111	PALJ810112	PALJ810113	PALJ810114	PALJ810115	PALJ810116	PARJ860101	PLIV810101	PONP800101	PONP800102	PONP800103	PONP800104	PONP800105	PONP800106	PONP800107	PONP800108	PRAM820101	PRAM820102	PRAM820103	PRAM900101	PRAM900102	PRAM900103	PRAM900104	PTIO830101	PTIO830102	QIAN880101	QIAN880102	QIAN880103	QIAN880104	QIAN880105	QIAN880106	QIAN880107	QIAN880108	QIAN880109	QIAN880110	QIAN880111	QIAN880112	QIAN880113	QIAN880114	QIAN880115	QIAN880116	QIAN880117	QIAN880118	QIAN880119	QIAN880120	QIAN880121	QIAN880122	QIAN880123	QIAN880124	QIAN880125	QIAN880126	QIAN880127	QIAN880128	QIAN880129	QIAN880130	QIAN880131	QIAN880132	QIAN880133	QIAN880134	QIAN880135	QIAN880136	QIAN880137	QIAN880138	QIAN880139	RACS770101	RACS770102	RACS770103	RACS820101	RACS820102	RACS820103	RACS820104	RACS820105	RACS820106	RACS820107	RACS820108	RACS820109	RACS820110	RACS820111	RACS820112	RACS820113	RACS820114	RADA880101	RADA880102	RADA880103	RADA880104	RADA880105	RADA880106	RADA880107	RADA880108	RICJ880101	RICJ880102	RICJ880103	RICJ880104	RICJ880105	RICJ880106	RICJ880107	RICJ880108	RICJ880109	RICJ880110	RICJ880111	RICJ880112	RICJ880113	RICJ880114	RICJ880115	RICJ880116	RICJ880117	ROBB760101	ROBB760102	ROBB760103	ROBB760104	ROBB760105	ROBB760106	ROBB760107	ROBB760108	ROBB760109	ROBB760110	ROBB760111	ROBB760112	ROBB760113	ROBB790101	ROSG850101	ROSG850102	ROSM880101	ROSM880102	ROSM880103	SIMZ760101	SNEP660101	SNEP660102	SNEP660103	SNEP660104	SUEM840101	SUEM840102	SWER830101	TANS770101	TANS770102	TANS770103	TANS770104	TANS770105	TANS770106	TANS770107	TANS770108	TANS770109	TANS770110	VASM830101	VASM830102	VASM830103	VELV850101	VENT840101	VHEG790101	WARP780101	WEBA780101	WERD780101	WERD780102	WERD780103	WERD780104	WOEC730101	WOLR810101	WOLS870101	WOLS870102	WOLS870103	YUTK870101	YUTK870102	YUTK870103	YUTK870104	ZASB820101	ZIMJ680101	ZIMJ680102	ZIMJ680103	ZIMJ680104	ZIMJ680105	AURR980101	AURR980102	AURR980103	AURR980104	AURR980105	AURR980106	AURR980107	AURR980108	AURR980109	AURR980110	AURR980111	AURR980112	AURR980113	AURR980114	AURR980115	AURR980116	AURR980117	AURR980118	AURR980119	AURR980120	ONEK900101	ONEK900102	VINM940101	VINM940102	VINM940103	VINM940104	MUNV940101	MUNV940102	MUNV940103	MUNV940104	MUNV940105	WIMW960101	KIMC930101	MONM990101	BLAM930101	PARS000101	PARS000102	KUMS000101	KUMS000102	KUMS000103	KUMS000104	TAKK010101	FODM020101	NADH010101	NADH010102	NADH010103	NADH010104	NADH010105	NADH010106	NADH010107	MONM990201	KOEP990101	KOEP990102	CEDJ970101	CEDJ970102	CEDJ970103	CEDJ970104	CEDJ970105	FUKS010101	FUKS010102	FUKS010103	FUKS010104	FUKS010105	FUKS010106	FUKS010107	FUKS010108	FUKS010109	FUKS010110	FUKS010111	FUKS010112	MITS020101	TSAJ990101	TSAJ990102	COSI940101	PONP930101	WILM950101	WILM950102	WILM950103	WILM950104	KUHL950101	GUOD860101	JURD980101	BASU050101	BASU050102	BASU050103	SUYM030101	PUNT030101	PUNT030102	GEOR030101	GEOR030102	GEOR030103	GEOR030104	GEOR030105	GEOR030106	GEOR030107	GEOR030108	GEOR030109	ZHOH040101	ZHOH040102	ZHOH040103	BAEK050101	HARY940101	PONJ960101	DIGM050101	WOLR790101	OLSK800101	KIDA850101	GUYH850102	GUYH850104	GUYH850105	JACR890101	COWR900101	BLAS910101	CASG920101	CORJ870101	CORJ870102	CORJ870103	CORJ870104	CORJ870105	CORJ870106	CORJ870107	CORJ870108	MIYS990101	MIYS990102	MIYS990103	MIYS990104	MIYS990105	ENGD860101	FASG890101	KARS160101	KARS160102	KARS160103	KARS160104	KARS160105	KARS160106	KARS160107	KARS160108	KARS160109	KARS160110	KARS160111	KARS160112	KARS160113	KARS160114	KARS160115	KARS160116	KARS160117	KARS160118	KARS160119	KARS160120	KARS160121	KARS160122	LINS030101	LINS030102	LINS030103	LINS030104	LINS030105	LINS030106	LINS030107	LINS030108	LINS030109	LINS030110	LINS030111	LINS030112	LINS030113	LINS030114	LINS030115	LINS030116	LINS030117	LINS030118	LINS030119	LINS030120	LINS030121	KOEH090101	KOEH090102	KOEH090103	KOEH090104	KOEH090105	KOEH090106	KOEH090107	KOEH090108	KOEH090109	KOEH090110	KOEH090111	KOEH090112
A	0.494	0.23	0.355	0.504	1.0	0.512	0.0	0.249	0.164	0.476	0.661	0.565	0.567	0.863	0.468	0.943	0.475	0.691	0.876	0.264	0.51	0.112	0.262	0.118	0.182	0.0	0.0	0.0	0.0	0	0	0.147	0.222	0.089	0.627	0.909	0.174	0.904	0.346	0.248	0.425	0.656	0.298	0.212	0.321	0.224	0.237	0.24	0.144	0.219	0.124	0.044	0.2	0.355	0.346	0.463	0.42	0.393	0.5	0.718	0.46	0.121	0.286	1.0	0.707	0.792	0.752	0.807	0.589	0.0	0.503	0.109	0.717	0.873	0.585	0.852	0.405	0.305	0.552	0.124	0.141	0.578	0.182	0.41	0.0	0.0	0.0	0	0	0.837	0.757	0.154	0.024	0.5	0.562	0.034	0.725	0.62	0.813	0.567	0.273	0.49	0.427	0.306	0.381	0.507	0.321	0.25	0.169	0.0	0.395	0.168	0.551	0.141	0.453	0.121	0.141	0.124	0.908	0.27	0.336	0.258	0.101	0.543	0.482	0.03	0.141	0.676	0.125	0.363	0.778	0.231	0.967	0.818	0.815	1.0	0.964	0.875	0.248	0.765	0.26	0.475	0.37	0.35	0.386	0.5	0.629	0.418	0.392	0.189	0.7	0.134	0.453	0.207	0.999	0.456	0.106	0.294	0.0	0.811	0.306	0.24	0.86	0.247	0.25	0.215	0.369	0.306	0.361	0.436	0.802	0.338	0.113	0.034	0.294	0.403	0.102	0.547	0.289	0.249	0.221	0.556	0.42	0.512	0.36	0.725	0.521	0.165	0.85	1.0	0.329	0.224	0.31	0.237	0.385	0.148	0.829	0.532	0.601	0.292	0.451	1.0	1.0	0.545	0.397	0.442	0.771	0.489	0.555	0.467	0.406	0.147	0.212	0.0	0.646	0.899	0.826	0.706	0.752	0.486	0.567	0.465	0.838	0.824	0.25	0.357	0.276	0.102	0.667	0.713	0.63	0.222	0.248	0.379	0.261	0.515	0.437	0.381	0.605	0.289	0.347	0.365	0.411	0.61	0.598	0.146	0.324	0.393	0.561	0.823	0.942	0.131	0.811	0.306	0.257	0.87	0.211	0.725	1.0	1.0	0.842	1.0	0.931	1.0	0.826	0.754	0.859	0.717	0.699	0.391	0.289	0.554	0.343	0.455	0.207	0.435	0.423	0.459	0.613	0.133	0.174	0.517	0.451	0.493	0.229	0.0	0.358	0.208	0.261	0.291	0.23	0.276	0.421	0.116	0.114	0.57	0.579	0.428	0.217	0.133	1.0	0.287	0.136	0.143	0.0	0.134	1.0	0.0	0.266	0.289	0.427	0.226	0.024	0.843	0.48	0.863	0.888	0.954	0.345	0.82	0.441	0.25	0.25	0.118	0.391	0.565	0.207	0.355	0.706	1.0	0.667	0.448	0.318	0.632	0.324	0.205	0.5	0.259	0.921	0.484	0.983	0.842	0.229	0.342	0.333	0.085	0.093	0.174	0.184	0.21	0.101	0.038	0.147	0.564	0.168	0.36	0.308	0.268	0.653	0.949	0.225	0.367	0.788	0.103	0.282	0.814	0.436	0.29	0.294	0.168	0.491	0.068	0.097	0.292	0.414	0.437	0.617	0.16	0.295	0	0.162	1.0	0.896	0.375	0.522	0.335	0.608	0.259	0.98	0.583	0.403	0.466	0.506	0.557	0.971	0.966	0.378	0.27	0.443	0.0	0.404	0.444	0.42	0.633	0.542	0.149	0.248	0.412	0.561	0.826	0.724	1.0	0.84	0.787	0.776	0.746	0.995	0.752	0.143	0.356	0.474	0.387	1.0	0.0	0.404	0.658	0.508	0.15	0.144	0.0	0.617	0.246	0.175	0.478	0.375	0.077	1.0	0.58	0.386	0.943	0.976	1.0	1.0	0.405	0.345	0.807	0.749	0.596	0.51	0.395	0.33	0.282	0.077	0.21	0.266	0.973	0.775	0.685	0.905	0.938	0.257	0.512	0.758	0.384	0.725	0.843	1.0	0.437	0.734	1.0	0.965	0.607	0.0	0.157	0.154	0.295	0.471	0.327	0.468	0.13	0.064	0.279	0.378	0.646	0.474	0.275	0.441	0.403	0.308	0.273	0.357	0.25	0.435	0.651	0.659	0.516	0.209	0.7	0.0	0.191	0.221	0.397	0.439	0.157	0.141	0.657	0.979	0.595	0.378	0.665	0.211	0.189	0.946	0.66	0.616	0.514	0.496	0.276	0.378	0.369	0.477	0.454	0.446	0.571	0.688	0.685	0.5	0.479	0.492	0.131	0.588	0.1	0.083	0.083	0.0	0.09	0.111	0.071	0.458	0.135	0.863	0.231	0.697	0.217	0.089	0.263	0.0	0.082	0.429	0.205	0.952	0.248	0.0	0.152	0.265	0.078	0.093	0.111	0.046	0.2	0.196	0.149	0.271	0.385	0.12	0.625	0.625	0.391	0.091	0.186	0.075	0.27	0.333	0.211	0.452	0.174	0.194	0.3	0.551	0.222	0.308	0.273	0.221	0.14	0.522	0.345
C	0.864	0.404	0.579	0.387	0.0	0.233	0.783	0.205	0.323	0.936	0.792	0.0	0.0	0.767	0.232	0.95	0.9	0.819	0.191	1.0	0.608	0.313	0.947	0.588	0.442	0.5	0.0	0.0	0.2	0	1	0.3	0.333	0.013	0.746	1.0	0.661	0.138	0.617	0.45	0.11	0.607	0.256	0.459	0.327	0.455	0.667	0.072	0.898	0.139	0.584	0.658	0.36	0.767	0.581	0.564	0.748	0.647	0.033	0.376	0.453	0.818	0.357	0.219	0.017	0.927	1.0	0.723	0.528	0.017	0.884	0.357	0.0	0.691	0.0	0.164	0.782	0.422	0.688	0.301	0.418	0.578	0.421	0.809	0.812	0.0	0.0	0	0	0.645	0.571	0.154	0.024	0.3	0.562	0.034	0.176	1.0	0.747	0.337	0.707	0.54	0.607	0.324	0.0	0.471	0.312	0.333	0.314	1.0	0.074	0.311	0.174	0.0	0.375	0.592	0.666	0.431	0.454	0.986	0.21	0.024	0.167	0.51	0.518	0.008	0.0	1.0	0.0	1.0	1.0	0.403	0.392	0.078	0.207	0.111	0.234	0.312	0.566	0.302	0.68	0.143	0.07	0.48	0.026	0.5	0.0	0.0	0.059	0.307	0.778	0.19	0.375	0.371	0.932	0.132	0.356	0.559	0.14	0.621	0.118	0.267	0.395	0.469	0.25	0.185	0.539	0.268	0.617	0.778	0.397	0.775	0.0	0.189	0.099	0.459	0.841	0.318	0.207	0.531	0.42	0.37	0.22	0.907	0.678	0.341	0.661	0.506	0.06	0.446	0.0	0.3	0.0	0.303	0.0	0.248	0.0	0.21	0.029	0.02	0.0	0.029	0.021	0.252	0.044	0.111	0.088	0.139	0.14	1.0	0.906	0.0	0.0	0.081	0.314	0.751	0.695	0.701	0.718	0.439	0.543	0.0	0.362	0.143	0.602	0.527	0.157	0.898	1.0	0.656	0.481	0.374	0.15	0.408	0.0	0.491	0.111	0.165	0.57	0.511	0.967	1.0	1.0	0.801	0.874	0.832	0.21	1.0	0.735	0.136	0.0	0.106	0.621	0.118	0.27	0.739	0.447	0.0	0.349	0.43	0.544	0.424	0.534	0.574	0.691	0.645	0.56	0.526	0.377	0.195	0.193	0.297	0.194	0.0	0.432	0.559	0.585	0.788	0.839	0.676	0.391	0.517	0.324	0.96	0.952	0.816	1.0	0.507	0.381	0.369	0.187	0.297	0.256	0.388	0.482	0.882	0.462	0.281	0.029	0.17	0.413	0.0	1.0	0.349	0.151	1.0	0.496	0.0	0.279	0.421	1.0	0.659	0.435	0.817	0.345	0.589	0.811	0.886	0.498	0.919	1.0	0.188	0.188	0.147	0.217	0.391	0.069	0.355	0.824	0.267	0.0	0.241	0.091	0.526	0.471	0.103	0.389	0.148	0.445	0.387	0.597	0.962	0.797	0.747	0.82	0.889	0.37	1.0	0.8	0.0	0.849	0.635	0.429	1.0	0.189	0.174	0.385	0.258	0.496	0.62	0.13	0.893	0.544	0.337	0.458	0.204	0.222	0.822	0.108	0.618	0.534	0.415	0.0	0.285	0.619	0.521	0.734	0.201	0.657	0	0.424	0.796	0.844	0.929	0.368	0.116	0.808	0.074	0.837	0.658	0.487	1.0	0.655	0.68	0.976	0.929	0.599	0.482	0.551	0.028	0.285	0.0	0.0	0.0	0.0	0.07	0.0	0.0	0.0	0.239	0.267	0.242	0.0	0.104	0.262	0.219	0.162	0.234	0.0	0.0	0.0	0.349	0.739	0.143	0.01	0.051	0.042	0.183	0.399	0.42	0.216	0.059	0.089	0.584	0.161	0.154	0.844	0.467	0.0	0.0	0.0	0.0	0.0	0.124	0.625	1.0	1.0	1.0	1.0	1.0	1.0	1.0	0.308	0.586	0.057	0.203	0.1	0.022	0.095	0.111	0.0	0.0	0.0	0.037	0.001	0.017	0.0	0.054	0.0	0.0	0.0	0.062	0.0	0.238	0.235	0.656	0.76	0.388	0.314	1.0	0.783	0.072	0.43	0.792	0.725	0.866	0.792	0.888	0.449	0.273	0.0	0.246	0.0	0.0	0.603	0.0	0.48	0.0	0.054	0.514	0.308	0.897	1.0	0.294	0.276	0.267	0.837	0.616	0.151	0.09	0.0	0.204	0.961	0.763	0.68	1.0	1.0	0.453	0.818	0.755	0.598	0.7	0.725	0.239	0.403	0.389	0.029	0.0	0.016	0.106	0.0	0.2	0.167	0.167	0.143	0.21	0.111	0.214	0.611	0.42	0.557	0.462	0.697	0.217	0.471	0.579	0.5	0.344	1.0	0.863	0.952	0.776	0.5	0.433	0.626	0.032	0.0	0.0	0.0	0.0	0.0	0.0	0.0	0.0	0.0	0.0	0.0	0.0	0.034	0.0	0.03	0.0	0.0	0.105	0.361	0.115	0.279	0.222	0.174	0.0	0.449	0.273	0.346	0.285	0.416	1.0
D	1.0	0.174	0.0	0.0	0.404	0.233	1.0	0.867	0.324	0.191	0.276	0.216	0.358	0.863	0.0	0.961	1.0	0.745	0.402	0.213	0.745	0.257	0.601	0.608	0.397	0.5	0.5	0.0	0.4	1	0	0.339	0.417	0.405	0.237	0.182	0.908	0.468	0.128	0.963	0.79	0.333	0.529	0.529	0.019	0.288	0.699	0.704	0.881	0.337	0.933	0.246	0.754	0.0	0.169	0.033	0.046	0.034	0.0	0.41	0.381	0.768	0.286	0.575	0.759	0.045	0.029	0.418	0.191	0.19	0.01	0.449	0.554	0.905	0.546	0.098	0.074	0.382	0.615	0.344	0.465	0.578	0.486	0.517	1.0	0.25	1.0	0	1	1.0	0.429	1.0	0.081	0.0	0.375	0.021	0.516	0.24	0.813	0.452	0.02	0.29	0.282	0.759	0.762	0.735	0.587	0.0	0.304	0.502	1.0	0.305	0.72	1.0	1.0	0.293	0.364	0.314	0.532	0.041	0.839	0.131	0.895	0.642	0.637	0.288	0.515	0.225	0.562	0.077	0.444	0.175	0.692	0.494	0.663	0.622	0.495	0.542	0.159	0.432	0.0	0.443	1.0	0.508	0.026	0.0	0.753	0.696	0.49	0.275	0.111	0.041	0.922	0.535	0.993	0.186	0.472	0.235	0.14	0.547	0.094	0.667	0.523	0.037	0.765	1.0	0.057	0.094	0.038	0.0	0.38	0.141	0.567	0.215	0.307	0.648	0.282	0.274	0.184	0.122	0.138	0.852	0.7	0.14	0.14	0.407	0.471	0.541	0.486	0.419	0.075	0.0	0.038	0.0	0.188	0.069	0.286	0.093	0.009	0.008	0.138	0.695	0.544	0.637	0.425	0.012	0.536	0.633	0.041	0.0	0.006	0.0	0.782	0.501	0.896	0.755	0.572	0.0	1.0	0.342	0.986	0.317	0.488	0.44	0.136	0.24	0.622	0.939	0.143	0.484	0.444	0.04	0.389	0.146	0.917	0.734	0.429	0.597	1.0	0.017	0.04	0.088	0.137	0.0	0.423	0.055	0.137	0.023	0.714	0.585	0.82	0.806	0.547	0.094	0.671	0.478	0.079	0.51	0.825	0.71	0.684	0.514	0.718	0.391	0.536	0.34	0.272	0.26	0.356	0.207	0.566	0.475	0.537	0.491	0.0	0.011	0.098	0.329	0.496	0.362	0.652	0.663	0.745	0.76	0.566	0.158	0.274	0.799	0.619	0.735	0.503	0.611	0.815	0.727	0.614	0.527	0.786	0.684	0.646	0.615	0.348	0.923	0.308	0.365	0.344	0.534	0.764	0.331	0.584	0.0	0.509	0.308	0.159	0.312	0.345	0.619	0.811	0.886	0.525	0.573	0.15	0.688	0.688	0.588	0.217	1.0	0.621	0.097	0.235	0.467	0.259	0.172	0.273	0.263	0.118	0.179	0.722	0.519	0.555	0.813	0.657	0.631	0.051	0.234	0.099	0.778	0.759	0.674	0.432	0.448	0.79	0.0	0.216	0.256	0.78	0.675	0.615	0.206	0.091	0.049	0.0	0.347	0.146	0.909	0.0	0.451	0.605	0.0	0.244	0.697	0.945	0.215	1.0	0.478	0.979	0.976	0.225	0.34	1.0	0	0.738	0.241	0.87	0.107	0.302	0.097	0.0	1.0	0.402	1.0	0.72	0.766	0.506	0.574	0.932	0.934	0.082	0.208	0.453	0.956	0.0	0.0	0.728	0.711	0.952	1.0	1.0	0.431	0.723	0.484	0.276	0.455	0.52	0.451	0.285	0.314	0.476	0.428	0.152	0.658	0.52	0.833	0.754	0.164	0.828	0.949	0.746	0.8	0.395	0.27	0.831	0.274	0.337	0.204	0.268	0.923	0.844	0.986	0.715	0.648	0.595	0.4	0.302	0.202	0.446	0.29	0.371	0.319	0.31	0.31	0.453	0.824	0.923	0.401	0.775	0.473	0.475	0.217	0.581	0.494	0.415	0.655	0.896	0.606	0.198	0.182	0.365	0.062	0.486	0.589	0.667	0.478	0.0	0.311	0.321	1.0	0.021	0.29	0.023	0.316	0.246	0.793	0.207	0.156	0.0	0.008	0.141	0.474	1.0	1.0	0.265	0.091	0.295	0.565	0.402	0.404	0.271	0.419	0.065	0.11	0.33	0.114	0.294	0.317	0.399	0.914	0.459	0.224	0.692	0.897	0.545	0.464	0.515	0.433	0.028	0.057	0.016	0.0	0.0	0.0	0.0	0.002	0.0	1.0	0.912	0.907	0.786	0.803	0.825	0.806	0.746	0.4	0.333	0.333	0.429	0.466	0.333	0.429	0.733	0.777	0.293	0.739	0.473	0.478	0.462	0.579	0.438	0.443	0.566	0.889	0.952	0.683	0.247	0.451	0.02	0.636	0.588	0.2	0.754	0.8	0.761	0.809	0.654	0.192	0.8	0.896	0.893	0.848	0.523	0.186	0.642	0.703	0.881	0.658	1.0	1.0	0.583	0.889	0.72	0.556	1.0	1.0	0.875	0.919	0.796	0.44
E	0.42	0.177	0.019	0.032	0.713	0.0	0.267	0.811	0.488	0.106	0.14	0.072	0.212	0.824	0.261	0.957	0.407	0.745	1.0	0.186	0.667	0.369	0.561	0.245	0.017	0.5	0.5	0.667	0.6	1	0	0.518	0.639	0.392	0.288	0.136	0.248	1.0	0.0	0.44	1.0	0.678	0.579	0.253	0.0	0.096	0.397	0.328	0.11	0.163	0.36	0.096	0.291	0.239	0.0	0.11	0.003	0.0	0.2	1.0	0.007	0.162	0.643	0.644	0.724	0.022	0.0	0.458	0.285	0.3	0.055	0.558	0.428	0.974	0.576	0.459	0.114	0.372	0.75	0.468	0.679	0.578	0.404	0.64	0.5	0.25	1.0	0	1	0.963	0.857	0.423	0.081	0.0	0.375	0.043	0.945	0.76	0.886	1.0	0.0	0.0	0.0	0.361	0.19	0.728	0.431	0.0	0.482	0.335	0.914	0.479	0.732	0.953	1.0	0.398	0.463	0.447	0.979	0.0	0.469	0.19	0.232	0.576	0.914	0.095	0.602	0.183	0.625	0.055	0.407	0.178	0.842	0.623	0.565	0.556	0.539	1.0	0.0	0.667	0.089	0.693	0.767	0.512	0.026	0.0	0.742	0.717	0.569	0.426	0.111	0.055	0.922	0.707	0.969	0.172	0.661	0.529	0.14	0.968	0.129	0.387	1.0	0.0	0.424	0.0	0.149	0.132	0.15	0.214	1.0	0.0	0.245	0.056	0.266	0.428	0.406	0.0	0.0	0.23	0.227	0.889	0.78	0.163	0.162	1.0	0.0	0.2	0.609	0.717	0.112	0.059	0.097	0.09	0.156	0.0	0.378	0.156	0.007	0.057	0.411	0.897	0.852	0.837	0.526	0.0	0.918	0.646	0.041	0.131	0.055	0.0	0.756	0.499	0.868	0.665	0.441	0.518	0.859	0.49	0.808	0.518	1.0	1.0	0.0	0.0	0.228	0.204	0.69	1.0	0.901	0.051	0.0	0.0	0.239	0.538	0.135	0.381	0.89	0.261	0.091	0.127	0.153	0.358	0.383	0.351	0.256	0.074	0.444	0.551	0.902	0.743	0.968	0.129	0.401	0.783	0.132	0.451	0.921	0.878	0.833	0.833	0.824	0.817	0.781	0.754	0.665	0.462	0.404	0.264	0.434	0.653	0.478	0.227	0.018	0.306	0.265	0.239	0.321	0.286	0.457	0.652	0.471	0.533	0.217	0.026	0.326	0.299	0.327	0.398	0.325	0.36	0.462	0.512	0.561	0.871	0.759	0.741	0.571	0.83	0.902	0.916	0.194	0.246	0.369	0.423	0.959	0.0	0.185	0.114	0.586	0.339	0.118	0.409	0.138	0.495	0.452	0.436	0.673	0.614	0.161	0.438	0.438	0.088	0.826	0.739	1.0	0.161	0.412	0.333	0.407	0.241	0.727	0.789	0.235	0.077	0.389	0.259	1.0	1.0	0.833	0.849	0.0	0.0	0.613	0.111	0.231	0.212	0.136	0.029	0.092	0.096	0.315	0.256	0.69	0.704	1.0	0.21	0.223	0.0	0.05	0.222	0.622	0.077	0.028	1.0	0.322	0.126	0.198	0.249	0.324	0.067	0.0	0.326	0.323	0.608	0.531	0.228	0.046	0	0.634	0.172	0.831	0.125	0.187	0.329	0.142	0.938	0.436	0.935	0.638	0.445	0.524	0.402	0.975	0.935	0.0	0.212	0.557	0.96	0.056	0.025	1.0	0.7	0.614	0.456	0.471	1.0	1.0	1.0	0.624	0.958	1.0	0.823	0.509	0.805	1.0	0.807	0.209	0.548	0.6	0.684	0.826	0.133	0.96	0.969	1.0	0.867	0.0	0.048	0.622	0.239	0.182	0.0	0.268	0.923	0.876	0.873	1.0	0.716	0.595	0.621	0.556	0.182	0.5	0.177	0.263	0.183	0.163	0.107	0.291	0.54	0.769	0.031	0.689	0.5	0.6	0.304	0.797	0.716	1.0	1.0	0.588	0.833	0.24	0.194	0.148	0.054	1.0	0.84	0.384	0.634	0.183	0.461	0.473	0.046	0.092	0.304	0.218	0.355	0.419	0.883	0.296	0.198	0.137	0.061	0.0	0.336	0.718	0.857	0.524	0.404	0.781	0.591	0.29	0.61	0.632	0.875	0.059	0.136	0.368	0.065	0.242	0.459	0.513	0.707	0.435	0.306	0.797	0.877	0.583	0.404	0.559	0.467	0.043	0.086	0.035	0.028	0.146	0.202	0.285	0.316	0.233	0.722	0.918	0.907	0.871	0.859	0.857	0.744	0.841	0.5	0.417	0.417	0.571	0.541	0.444	0.571	0.764	0.776	0.396	0.769	0.311	0.478	0.626	0.684	0.625	0.541	0.544	0.893	0.952	0.71	0.152	0.616	0.15	0.701	0.804	0.4	0.923	0.911	0.87	0.894	0.85	0.442	0.88	0.979	1.0	0.87	0.83	0.349	0.94	0.946	0.81	0.947	0.998	0.802	0.542	0.889	0.732	0.593	0.718	0.857	0.853	0.913	1.0	0.681
F	0.877	0.762	0.601	0.67	0.574	1.0	0.267	0.076	0.783	1.0	0.957	0.973	0.903	0.05	0.697	0.941	0.871	1.0	0.474	0.354	0.686	0.709	0.462	0.118	0.354	0.5	0.5	0.667	0.8	0	1	0.8	0.75	0.076	0.831	0.636	0.119	0.596	0.759	0.174	0.085	0.601	0.488	0.518	0.723	0.705	0.0	0.0	0.136	0.097	0.292	0.105	0.189	0.997	0.798	0.656	0.764	0.844	0.567	0.564	0.647	0.576	0.857	0.315	0.198	0.713	0.898	0.952	0.936	0.11	0.965	0.698	0.639	0.513	0.362	0.557	0.859	0.702	0.74	0.729	0.444	0.578	0.878	0.781	0.25	0.0	0.0	0	0	0.757	0.786	0.154	0.024	0.3	0.562	0.373	0.549	0.38	0.12	0.404	0.586	0.97	0.726	0.13	0.571	0.14	0.119	0.883	0.772	0.0	0.037	0.772	0.0	0.203	0.141	0.544	0.602	0.361	0.688	0.676	0.259	0.024	0.338	0.351	0.155	0.083	0.114	0.775	0.062	0.473	0.852	0.761	0.542	0.338	0.283	0.333	0.336	0.552	0.593	0.611	0.627	0.02	0.22	0.437	0.427	0.5	0.472	0.139	0.039	0.794	0.811	0.655	0.141	0.798	0.969	0.078	0.733	0.853	0.682	0.579	0.8	0.12	0.512	0.679	0.235	0.0	0.603	0.434	0.609	0.648	0.603	0.761	0.191	0.056	0.117	0.182	0.691	0.947	0.836	0.826	0.862	0.0	0.0	1.0	1.0	0.659	0.86	0.0	0.318	0.306	0.382	0.806	0.355	0.724	0.465	0.834	0.536	1.0	0.564	0.346	0.316	0.246	0.236	0.295	0.233	0.288	0.347	0.37	0.655	0.553	0.968	0.735	0.259	0.557	0.204	0.305	0.216	0.823	0.684	0.497	0.413	0.449	0.575	0.582	0.614	0.752	0.307	0.173	0.381	0.451	0.346	0.657	0.903	0.621	0.833	0.278	0.008	0.41	0.04	0.989	0.616	0.628	0.726	0.708	0.509	0.659	0.815	0.584	0.0	0.34	0.698	0.0	0.579	0.8	0.125	0.87	0.763	0.588	0.778	0.374	0.798	0.569	0.786	0.68	0.883	0.764	0.749	0.561	0.61	0.483	0.289	0.446	0.149	0.655	0.703	0.683	0.735	0.667	0.723	0.429	0.467	0.506	0.186	0.68	0.542	0.895	0.232	0.181	0.173	0.301	0.117	0.23	0.313	0.455	0.298	0.849	0.024	0.0	0.009	0.133	0.37	0.0	0.242	0.651	0.323	0.426	0.854	0.325	0.004	0.798	0.539	0.197	0.154	0.902	0.89	0.463	0.865	0.75	0.842	0.919	0.965	0.562	0.562	0.029	0.087	0.261	0.069	0.613	0.471	0.667	0.704	1.0	0.818	0.053	0.206	0.128	0.0	0.444	0.622	0.265	0.853	0.82	0.644	0.703	0.396	0.359	0.472	0.25	0.608	0.057	0.328	0.769	0.811	0.923	0.0	0.0	0.538	0.887	0.612	0.511	0.929	0.529	0.813	0.233	1.0	0.584	0.444	0.581	0.0	0.618	0.404	0.092	0.395	0.13	0.456	0.269	0.023	0.92	0.749	1	0.0	0.635	0.416	1.0	0.297	1.0	1.0	0.012	0.859	0.0	0.739	0.514	0.667	0.68	0.929	0.934	0.601	0.896	0.898	0.007	0.339	1.0	0.568	0.789	0.422	0.263	0.488	0.314	0.31	0.613	0.648	0.491	0.587	0.402	0.598	0.68	0.346	0.759	0.261	0.521	0.331	0.535	0.812	0.095	0.056	0.311	0.0	0.0	0.303	0.301	0.161	0.065	0.066	0.814	0.018	0.0	0.893	0.34	0.367	0.307	0.286	0.35	0.294	0.95	0.726	0.92	0.915	0.871	0.837	0.776	0.673	0.547	0.0	0.228	0.041	0.311	0.325	0.413	0.365	0.247	0.125	0.128	0.082	0.092	0.344	0.321	0.475	0.373	0.35	0.325	0.318	0.348	0.0	0.781	0.778	0.749	0.665	1.0	1.0	0.153	0.543	0.0	0.933	0.823	0.968	1.0	0.839	0.689	0.0	0.182	0.655	0.536	0.731	0.578	0.999	0.712	0.524	0.697	0.317	0.89	0.838	0.967	0.782	0.772	0.774	0.407	0.859	0.741	0.041	0.342	0.158	0.089	1.0	0.983	1.0	0.743	0.666	1.0	0.86	0.848	1.0	1.0	0.95	0.041	0.021	0.019	0.057	0.0	0.0	0.0	0.14	0.7	0.667	0.583	0.714	0.631	0.667	0.786	0.802	1.0	0.208	0.981	0.139	0.739	0.707	0.895	0.562	0.672	0.429	0.821	0.952	0.842	0.169	0.744	0.973	0.026	0.082	0.133	0.0	0.067	0.087	0.0	0.159	0.288	0.0	0.125	0.125	0.0	0.193	0.326	0.045	0.108	0.143	0.184	0.066	0.068	0.049	0.189	0.0	0.148	0.0	0.182	0.0	0.029	0.186	0.017
G	0.025	0.026	0.138	0.17	0.309	0.233	1.0	1.0	0.0	0.388	0.513	0.274	0.374	0.939	0.12	0.959	0.0	0.596	0.0	0.336	0.0	0.0	0.24	0.912	0.47	0.0	0.0	0.0	0.0	0	0	0.0	0.0	0.063	0.593	0.818	1.0	0.0	0.286	1.0	0.16	0.23	0.884	0.871	0.176	0.218	0.744	0.992	0.5	0.25	0.994	0.868	0.766	0.173	0.132	0.113	0.193	0.115	0.133	0.077	0.144	0.909	0.0	0.973	0.267	0.494	0.62	0.771	0.447	0.0	0.503	0.0	0.675	0.855	0.624	0.869	0.31	0.0	0.0	0.0	0.0	0.0	0.0	0.0	0.062	0.0	0.0	0	0	0.663	0.0	0.154	0.049	0.1	0.875	0.014	0.0	0.02	0.235	0.0	0.374	0.49	0.427	0.861	0.952	0.654	0.798	0.0	0.0	0.269	0.506	0.0	0.608	0.156	0.531	0.0	0.0	0.0	0.135	0.054	1.0	0.321	1.0	0.0	0.342	1.0	0.103	0.69	0.062	0.385	0.778	0.027	0.967	0.779	0.272	0.889	1.0	0.115	0.31	0.198	0.308	0.889	0.793	0.472	0.499	0.5	0.966	0.704	0.392	0.0	0.456	0.3	0.531	0.0	0.0	1.0	0.0	0.0	0.0	0.042	0.329	0.82	0.035	0.284	0.917	0.769	0.149	0.217	0.105	0.325	0.0	0.493	0.11	1.0	1.0	0.063	0.0	0.531	0.273	0.188	0.177	0.852	0.56	0.581	0.264	0.099	0.471	0.906	0.712	0.857	0.323	0.291	0.271	0.259	0.48	0.348	0.754	0.6	0.516	0.21	1.0	0.766	0.696	0.734	0.653	0.363	0.721	1.0	0.36	0.364	0.262	0.0	0.207	0.083	0.566	1.0	1.0	0.377	0.843	0.519	0.638	0.866	0.0	0.022	0.398	0.302	1.0	1.0	0.119	0.0	0.0	0.202	0.354	0.301	1.0	1.0	0.992	0.878	0.785	0.089	0.283	0.305	0.347	1.0	0.509	0.201	0.227	0.43	0.801	1.0	0.904	0.169	0.042	0.329	0.822	0.435	0.026	0.451	0.0	0.318	0.0	0.021	0.0	0.243	0.528	0.498	0.476	0.509	0.301	0.368	0.783	0.693	0.91	1.0	0.82	0.247	0.222	0.324	0.679	0.629	1.0	0.966	0.676	0.373	0.795	0.289	0.737	0.444	0.885	0.828	0.564	0.485	0.487	0.264	0.439	0.462	0.859	0.652	0.351	0.644	0.0	0.57	0.264	0.0	1.0	0.634	0.171	1.0	0.854	0.158	0.603	1.0	0.604	0.799	0.345	1.0	0.868	1.0	0.194	0.803	0.303	0.812	0.812	0.5	0.0	0.261	0.069	0.129	0.235	0.133	0.185	0.172	0.045	0.0	0.059	1.0	0.611	0.222	0.0	0.0	0.533	0.508	0.068	0.266	0.027	1.0	0.287	0.962	0.952	0.914	1.0	0.288	0.0	0.513	0.211	0.454	0.0	0.032	0.0	1.0	0.272	0.421	0.0	0.0	0.198	0.0	0.166	0.217	0.229	0.882	0.467	1.0	0.148	1.0	0.961	0.143	0.455	0.0	0.04	0	0.231	0.637	0.935	0.179	0.346	0.471	0.892	0.37	1.0	0.835	0.0	0.494	0.423	0.525	0.98	0.967	0.322	0.033	0.0	0.0	0.4	0.175	0.716	0.933	0.795	0.491	0.504	0.142	0.084	0.265	0.162	0.103	0.027	0.055	0.117	0.077	0.162	0.441	1.0	0.562	0.406	0.61	0.696	0.204	0.641	1.0	0.712	0.167	0.56	0.639	0.644	0.443	0.393	0.519	1.0	0.692	0.723	0.797	0.557	1.0	1.0	0.286	0.302	0.0	0.31	0.577	0.561	0.41	0.333	0.21	0.171	0.143	0.615	1.0	0.627	0.865	0.688	0.565	0.797	0.691	0.492	0.605	0.971	0.433	0.477	0.539	0.875	0.256	0.749	0.83	1.0	0.503	0.0	0.0	0.0	0.04	0.275	0.348	0.161	0.114	0.189	0.189	0.178	0.465	0.14	0.0	0.182	0.776	0.538	0.571	0.109	0.0	0.356	0.292	0.611	0.21	0.256	0.059	0.139	0.0	0.0	0.049	0.378	0.0	0.0	0.982	1.0	0.578	0.41	0.832	0.203	0.207	0.931	0.557	0.501	0.429	0.465	0.193	0.352	0.319	0.305	0.262	0.352	0.685	0.809	0.796	0.671	0.662	0.492	0.169	0.609	0.0	0.0	0.0	0.0	0.0	0.0	0.0	0.0	0.0	0.863	0.0	0.393	0.0	0.0	0.0	0.0	0.0	0.0	0.0	0.952	0.0	0.0	0.0	0.014	0.149	0.144	0.133	0.123	0.422	0.565	0.298	0.14	0.115	0.147	0.521	0.714	0.37	0.0	0.023	0.045	0.189	0.31	0.053	0.565	0.328	0.23	0.544	0.608	0.222	0.538	0.571	0.191	0.221	0.481	0.112
H	0.84	0.23	0.082	0.053	0.574	0.651	0.633	0.112	0.561	0.579	0.67	0.243	0.508	0.893	0.31	0.962	0.83	0.851	0.67	0.0	0.686	0.562	0.313	0.471	0.514	0.5	0.5	0.667	0.6	0	1	0.589	0.667	0.316	0.271	0.091	0.44	0.457	0.376	0.44	0.145	0.967	0.727	1.0	0.12	0.321	0.308	0.416	0.822	0.118	0.449	0.009	0.274	0.86	0.489	0.404	0.291	0.475	0.233	0.855	0.0	0.475	0.786	0.096	0.414	0.478	0.562	0.546	0.583	0.099	0.126	0.62	0.596	0.473	0.358	0.0	0.35	0.714	0.667	0.577	0.55	0.578	0.815	0.573	0.562	0.25	0.25	1	0	0.499	0.643	0.154	0.024	0.5	0.562	0.021	0.769	0.54	0.608	0.413	0.242	0.7	0.513	0.296	0.457	0.324	0.349	0.0	0.554	0.211	0.679	0.557	0.402	0.422	0.453	0.788	0.944	0.538	0.553	0.541	0.371	0.091	0.469	0.53	0.0	0.189	0.402	0.437	0.362	0.165	0.63	0.231	0.533	0.117	0.717	0.133	0.092	0.615	0.345	0.568	0.308	0.234	0.396	0.358	0.581	0.5	0.618	0.635	0.294	0.543	0.144	0.124	0.453	0.742	0.969	0.233	0.667	0.529	0.14	0.737	0.518	0.18	0.849	0.235	0.265	0.092	0.376	0.043	0.526	0.27	0.43	0.62	0.613	0.114	0.078	0.22	0.513	0.421	0.324	0.164	0.044	0.407	0.38	0.581	0.376	0.725	0.446	0.212	0.106	0.155	0.089	0.424	0.079	0.401	0.116	0.403	0.082	0.273	0.002	0.034	0.033	0.243	0.161	0.167	0.142	0.005	0.144	0.0	0.012	0.426	0.559	0.147	0.424	0.391	0.555	0.464	0.253	0.332	0.743	0.164	0.814	0.459	0.875	0.538	0.295	0.326	0.032	0.418	0.524	0.525	0.383	0.374	0.637	0.563	0.083	0.538	0.571	0.0	0.605	0.317	0.478	0.409	0.363	0.139	0.757	0.422	0.302	0.309	0.102	0.483	0.736	0.419	0.737	0.518	0.197	0.652	0.158	0.373	0.746	0.187	0.36	0.431	0.603	0.633	0.804	0.847	0.963	0.809	0.767	0.816	0.795	0.782	0.388	0.545	0.198	0.306	0.462	0.559	0.591	0.638	0.446	0.438	0.696	0.467	0.229	0.842	0.737	0.674	0.46	0.443	0.239	0.205	0.128	0.198	0.123	0.0	0.4	0.369	0.131	0.681	0.359	0.0	0.227	0.929	0.369	0.909	0.829	0.0	0.0	0.421	0.457	0.447	0.232	0.517	0.593	0.269	0.477	0.352	0.693	0.6	0.657	0.562	0.562	0.294	0.174	0.174	0.103	0.484	0.412	0.467	0.889	0.655	0.5	0.842	1.0	0.333	0.611	0.37	0.598	0.155	0.727	0.956	0.212	0.323	0.405	0.487	0.676	0.333	0.416	0.6	0.454	0.442	0.575	0.667	0.46	0.607	0.769	0.387	0.372	0.425	0.778	0.508	0.425	0.0	0.207	0.619	1.0	0.372	0.084	0.684	0.586	0.249	0.356	0.081	0.67	0.745	0.345	0.267	0.191	0	0.462	0.548	0.818	0.696	0.335	0.077	0.258	0.432	0.433	0.856	0.788	0.601	0.601	0.754	0.993	0.97	0.599	0.358	0.563	0.992	0.603	0.338	0.679	0.667	1.0	0.333	0.38	0.279	0.542	0.329	0.41	0.188	0.38	0.463	0.322	0.562	0.465	1.0	0.526	1.0	0.354	0.647	0.739	0.188	0.232	0.474	0.28	0.05	0.357	0.357	0.416	0.129	0.125	0.478	0.179	0.923	0.887	0.41	0.32	0.182	0.131	0.136	0.198	0.492	0.756	0.37	0.439	0.356	0.324	0.199	0.162	0.134	0.846	0.167	0.865	0.095	0.088	0.022	0.122	0.173	0.089	0.197	0.116	0.141	0.064	0.08	0.08	0.006	0.119	0.187	0.106	0.1	0.209	0.576	0.582	0.192	0.326	0.0	0.194	0.831	0.0	0.468	0.0	0.198	0.325	0.305	0.405	0.646	0.5	0.545	0.453	0.201	0.73	0.642	0.556	0.612	0.398	0.57	0.213	0.253	0.478	0.283	0.588	0.569	0.564	0.547	0.432	0.284	0.538	0.368	0.376	0.418	0.664	0.0	0.165	0.571	0.405	0.209	0.405	0.397	0.808	0.793	0.61	0.399	0.694	0.685	0.486	0.479	0.492	0.419	0.485	0.6	0.5	0.583	0.714	0.604	0.667	0.643	0.917	0.867	0.355	0.989	0.213	0.609	0.701	0.895	0.781	0.656	0.206	0.708	0.562	0.683	0.134	0.64	0.354	0.506	0.423	0.4	0.4	0.467	0.522	0.489	0.467	0.385	0.427	0.5	0.5	0.5	0.443	0.419	0.403	0.459	0.571	0.447	0.771	0.65	0.455	0.856	0.402	0.37	0.5	0.545	0.618	0.651	0.726	0.267
I	0.0	0.838	0.44	0.543	0.713	1.0	0.0	0.671	0.663	0.885	0.821	0.541	0.788	0.076	0.884	0.937	0.318	0.745	0.598	0.634	1.0	0.455	0.424	0.069	0.633	1.0	0.5	0.0	0.4	0	0	0.598	0.556	0.0	1.0	0.864	0.0	0.543	0.925	0.0	0.115	0.536	0.364	0.418	1.0	0.609	0.186	0.072	0.0	0.073	0.0	0.026	0.0	0.757	0.758	1.0	1.0	1.0	1.0	0.427	1.0	0.192	0.714	0.438	0.672	0.629	0.883	1.0	0.851	0.12	1.0	0.434	0.639	0.978	0.581	0.885	0.862	1.0	1.0	0.495	0.497	1.0	0.435	0.904	0.0	0.0	0.0	0	0	0.845	0.714	0.0	0.024	0.1	0.562	0.13	0.462	0.46	0.645	0.5	0.727	0.8	0.752	0.065	0.405	0.191	0.0	0.983	0.65	0.0	0.037	0.647	0.246	0.109	0.25	0.467	0.572	0.494	0.582	0.878	0.07	0.087	0.0	0.464	0.187	0.087	0.083	0.887	0.1	0.67	0.926	0.836	0.983	0.506	0.848	0.511	0.485	0.583	0.841	0.63	0.923	0.316	0.132	0.272	0.165	0.5	0.404	0.094	0.078	0.643	1.0	0.579	0.25	0.492	0.975	0.214	0.544	0.824	0.308	0.474	0.953	0.067	0.407	1.0	0.03	0.215	1.0	0.987	0.842	0.992	0.479	0.873	0.213	0.052	0.104	0.201	0.448	0.969	0.754	0.596	0.552	0.037	0.06	0.93	0.936	0.341	1.0	0.259	0.529	0.531	0.565	0.824	0.498	0.697	0.771	1.0	0.547	0.556	0.65	0.588	0.451	0.342	0.128	0.43	0.308	0.683	0.473	0.467	0.822	0.797	1.0	0.529	0.127	0.445	0.143	0.568	0.548	1.0	0.666	1.0	0.257	0.251	0.3	0.484	1.0	0.891	0.047	0.02	0.429	0.303	0.432	0.475	1.0	0.767	0.163	0.16	0.0	0.288	0.1	0.939	0.93	0.82	0.774	0.833	0.491	0.596	1.0	0.883	0.423	0.313	0.669	0.037	0.474	0.953	0.079	0.87	1.0	0.353	0.54	0.196	0.588	0.472	0.649	0.663	0.577	0.69	0.618	0.775	0.555	0.471	0.0	0.297	0.507	0.727	1.0	1.0	1.0	1.0	0.92	0.514	0.239	0.0	0.314	0.907	0.386	0.947	0.2	0.007	0.053	0.049	0.104	0.121	0.369	0.306	0.684	0.581	0.0	0.037	0.049	0.0	0.467	0.811	0.311	0.722	0.054	0.44	0.707	0.0	0.185	1.0	0.349	0.212	0.171	1.0	0.877	0.563	0.983	0.891	0.671	1.0	0.98	0.375	0.375	0.029	0.261	0.174	0.0	0.355	0.412	0.6	0.481	0.552	0.636	0.105	0.206	0.179	0.556	0.259	0.561	0.077	0.867	0.754	0.992	1.0	0.324	0.12	0.352	0.0	0.44	0.133	0.151	1.0	0.588	0.923	0.014	0.031	0.308	0.99	0.934	0.716	0.368	0.074	0.901	0.714	0.793	0.549	0.592	0.925	0.081	0.154	0.0	0.062	0.615	0.155	0.0	0.57	0.07	0.773	0.0	1	0.06	0.766	0.727	0.857	0.33	0.252	0.717	0.0	0.989	0.056	0.408	0.318	1.0	0.82	1.0	1.0	0.474	1.0	0.985	0.002	0.407	0.894	0.58	0.522	0.422	0.193	0.339	0.392	0.077	0.665	0.686	0.57	0.66	0.512	0.505	0.893	0.47	0.352	0.087	0.644	0.406	0.597	0.797	0.143	0.116	0.281	0.364	0.033	0.224	0.221	0.043	0.027	0.05	0.592	0.0	0.154	0.965	0.358	0.342	0.727	0.595	0.5	0.452	0.711	0.696	0.97	0.909	0.795	0.752	0.673	0.569	0.347	0.154	0.074	0.0	0.432	0.462	0.533	0.541	0.37	0.185	0.191	0.145	0.149	0.741	0.735	0.743	0.485	0.687	0.691	0.505	0.475	0.0	0.61	0.606	0.0	1.0	0.812	0.612	0.501	1.0	0.0	0.867	1.0	0.986	0.917	1.0	0.516	0.167	0.091	0.276	0.161	0.518	0.423	0.798	0.457	0.066	0.407	0.106	0.629	0.787	0.772	0.701	0.602	0.56	0.476	0.989	1.0	0.233	0.187	0.079	0.0	0.978	1.0	0.943	0.857	0.909	0.784	0.898	0.851	0.986	0.982	0.969	0.043	0.121	0.111	0.071	0.056	0.079	0.038	0.124	0.4	0.333	0.333	0.429	0.293	0.333	0.429	0.733	0.731	0.033	0.415	0.163	0.478	0.433	0.579	0.375	0.377	0.429	0.733	0.583	0.604	0.281	0.53	0.748	0.013	0.01	0.044	0.0	0.022	0.043	0.0	0.15	0.25	0.0	0.167	0.161	0.0	0.08	0.14	0.03	0.054	0.095	0.132	0.169	0.0	0.0	0.0	0.246	0.074	0.167	0.091	0.051	0.029	0.398	0.276
K	0.506	0.434	0.003	0.004	0.574	0.0	0.633	0.687	0.694	0.0	0.0	0.188	0.368	0.805	0.736	0.961	0.487	0.691	0.675	0.195	0.667	0.535	0.313	0.392	0.376	0.5	0.5	0.667	0.8	0	1	0.613	0.694	1.0	0.034	0.0	0.495	0.628	0.278	0.661	0.11	1.0	0.554	0.782	0.409	0.218	0.506	0.304	0.102	0.354	0.331	0.368	0.48	0.385	0.343	0.19	0.178	0.247	0.733	0.462	0.59	0.626	0.929	0.726	0.328	0.0	0.073	0.265	0.326	0.57	0.005	0.551	0.277	1.0	0.362	0.557	0.006	0.451	0.812	0.59	0.839	0.578	0.677	0.612	0.062	0.5	0.25	1	0	0.75	0.857	0.038	0.0	1.0	1.0	0.0	0.769	0.52	0.602	0.644	0.293	0.64	0.385	0.222	0.448	0.39	0.303	0.5	0.692	0.12	0.79	0.695	0.873	0.812	1.0	0.732	0.881	0.81	0.716	0.149	0.496	0.321	0.311	0.616	0.284	0.223	1.0	0.0	1.0	0.0	0.0	0.435	0.833	0.584	0.511	0.733	0.783	0.729	0.212	0.654	0.207	0.689	0.969	1.0	0.026	1.0	1.0	1.0	1.0	0.687	0.067	0.269	1.0	0.79	1.0	0.147	0.833	0.529	0.327	0.747	0.153	0.367	0.779	0.136	0.402	0.292	0.213	0.132	0.241	0.105	0.669	0.239	0.202	0.233	0.294	0.434	0.501	0.535	0.168	0.108	0.0	1.0	1.0	0.0	0.0	0.659	0.397	0.306	0.597	0.857	0.151	0.153	0.095	0.127	0.323	0.252	0.246	0.0	0.0	0.035	0.091	0.696	0.542	0.561	0.555	0.004	1.0	0.464	0.019	0.027	0.0	0.0	1.0	0.683	1.0	0.743	0.53	0.8	0.66	0.091	0.291	1.0	0.75	0.615	0.205	0.24	0.362	0.408	0.5	0.5	0.691	0.333	0.168	0.233	0.447	0.391	0.722	0.338	0.785	0.056	0.0	0.0	0.0	0.224	0.317	0.0	0.0	0.0	1.0	0.027	0.32	0.781	0.747	0.153	0.375	0.783	0.132	1.0	0.778	0.243	0.421	0.549	0.588	0.757	0.789	0.872	0.942	0.757	0.856	1.0	0.542	0.644	0.493	0.618	0.225	0.242	0.278	0.329	0.204	0.238	0.033	0.101	0.088	0.0	0.217	1.0	0.558	0.479	0.58	0.456	0.356	0.276	0.195	0.413	0.184	0.194	0.945	1.0	1.0	0.156	0.663	1.0	0.161	0.103	0.147	0.292	0.902	0.0	0.232	0.351	0.392	0.204	0.012	0.472	0.366	0.439	0.476	0.429	0.792	0.224	0.0	0.438	0.438	0.176	0.13	0.304	0.138	0.258	1.0	0.533	0.519	0.345	1.0	0.895	0.588	0.333	0.611	0.481	0.665	0.071	0.777	1.0	0.144	0.329	0.054	0.598	0.287	0.742	0.584	0.371	0.613	0.058	0.325	0.0	0.611	0.799	0.308	0.516	0.562	0.429	0.429	0.0	0.571	0.012	0.198	0.655	0.555	0.228	0.246	0.398	0.696	0.302	0.247	0.293	0.633	0.559	0.688	0.16	0.294	0	0.518	0.0	1.0	0.0	0.368	0.135	0.292	0.642	0.466	0.907	0.751	0.04	0.47	0.615	0.965	0.956	0.509	0.521	0.674	0.952	0.872	0.044	0.531	0.722	0.446	0.07	0.388	0.402	0.181	0.432	0.59	0.661	0.56	0.591	0.537	0.97	0.865	0.931	0.326	0.822	0.497	0.628	0.942	0.032	1.0	0.923	0.805	1.0	0.252	0.142	0.554	0.183	0.155	0.398	0.268	0.923	0.934	0.986	0.785	0.625	0.655	0.543	0.532	0.434	0.47	0.533	0.0	0.0	0.0	0.278	0.199	0.536	0.846	0.123	0.434	0.662	0.55	0.283	0.743	0.889	0.78	0.784	1.0	1.0	0.188	0.109	0.081	0.0	0.78	0.623	0.554	0.713	0.53	0.623	0.627	0.294	0.0	0.088	0.028	0.073	0.444	0.568	0.0	0.103	0.206	0.112	0.099	0.351	0.936	0.779	0.319	0.195	0.459	0.576	0.0	0.536	0.307	0.564	0.051	0.18	0.364	0.0	0.207	0.633	0.56	0.692	0.467	0.065	0.951	1.0	1.0	0.704	0.486	0.061	0.283	0.0	0.0	0.197	0.005	0.103	0.012	0.0	0.027	0.93	1.0	1.0	1.0	1.0	1.0	0.781	1.0	0.5	0.417	0.417	0.429	0.631	0.556	0.643	0.764	0.698	0.433	0.692	0.312	0.478	0.752	0.895	0.781	0.492	0.458	0.647	0.912	0.66	0.114	0.768	0.503	0.526	1.0	1.0	0.831	1.0	1.0	1.0	1.0	1.0	0.8	1.0	0.929	1.0	1.0	1.0	0.761	1.0	1.0	1.0	0.853	0.809	0.737	0.933	0.873	1.0	0.936	0.779	1.0	1.0	0.734	0.405
L	0.272	0.577	1.0	0.989	1.0	0.651	0.267	0.281	0.663	0.867	0.843	1.0	0.913	0.0	1.0	0.963	0.521	0.691	0.718	0.601	0.961	0.455	0.463	0.098	0.267	0.5	1.0	0.0	0.4	0	0	0.593	0.528	0.063	0.746	0.727	0.11	0.681	0.699	0.028	0.07	0.617	0.421	0.4	0.597	0.558	0.103	0.12	0.153	0.042	0.129	0.149	0.04	0.934	0.716	0.706	0.663	0.773	1.0	0.684	0.842	0.222	0.714	0.836	0.19	0.691	0.825	0.92	0.851	0.1	0.95	0.434	0.958	0.746	0.546	0.885	0.831	0.618	0.958	0.495	0.497	0.578	0.603	0.567	0.0	0.0	0.0	0	0	0.842	1.0	0.154	0.024	0.3	0.562	0.162	0.747	0.62	0.633	0.558	0.535	0.91	0.701	0.009	0.381	0.081	0.009	0.8	0.65	0.0	0.0	0.647	0.233	0.109	0.25	0.533	0.592	0.49	0.759	0.473	0.189	0.0	0.202	0.682	0.378	0.053	0.138	0.803	0.138	0.516	0.852	0.576	0.983	1.0	0.315	0.867	0.793	0.719	0.628	0.833	0.74	0.172	0.436	0.465	0.141	0.5	0.478	0.355	0.157	0.643	0.922	0.652	0.25	0.559	0.968	0.096	0.533	0.824	0.308	0.821	0.447	0.113	0.849	0.469	0.083	0.169	0.638	0.485	0.632	0.833	0.744	0.507	0.018	0.042	0.169	0.409	0.442	0.808	0.684	0.714	0.696	0.259	0.18	0.907	0.86	0.659	0.769	0.059	1.0	0.872	1.0	0.935	1.0	0.905	1.0	0.741	1.0	0.62	1.0	1.0	0.364	0.976	0.726	1.0	1.0	1.0	0.982	0.972	1.0	0.742	0.942	0.529	0.104	0.184	0.351	0.562	0.435	0.831	0.651	0.481	0.394	0.351	0.838	0.714	0.5	0.62	0.0	0.01	0.571	0.754	0.716	0.354	0.354	0.447	0.0	0.396	0.325	0.079	0.04	1.0	0.773	0.701	0.694	0.692	1.0	0.619	0.693	0.836	0.342	0.34	0.618	0.057	0.821	0.447	0.132	1.0	0.474	0.588	0.556	0.785	1.0	0.951	0.824	0.947	0.917	0.936	0.99	1.0	1.0	0.805	0.229	0.317	0.0	0.064	0.568	0.661	0.628	0.689	0.81	0.438	0.033	0.247	0.059	0.613	0.867	0.434	0.326	0.0	0.142	0.204	0.058	0.0	0.0	0.215	0.0	0.742	0.203	0.147	0.031	0.267	0.598	0.0	0.183	0.31	0.237	0.191	0.878	0.0	0.283	0.377	0.543	0.0	0.018	1.0	0.804	0.577	1.0	0.911	0.64	0.878	0.941	0.375	0.375	0.029	0.261	0.0	0.069	0.839	0.529	0.6	0.444	0.483	0.864	0.316	0.206	0.179	0.444	0.185	0.72	0.2	0.943	0.773	0.619	0.747	0.0	0.034	0.185	0.061	0.256	0.257	0.076	0.615	0.626	0.846	0.014	0.031	0.462	0.835	1.0	0.691	0.356	0.127	0.901	0.428	0.783	0.699	0.55	0.647	0.078	0.252	0.407	0.0	0.123	0.198	0.222	0.717	0.771	0.049	0.0	1	0.068	0.778	0.688	0.821	0.192	0.277	0.525	0.0	0.995	0.085	0.481	0.325	0.893	1.0	0.999	0.99	0.45	0.821	0.985	0.002	0.402	0.925	0.432	0.433	0.434	0.377	0.347	0.284	0.252	0.884	0.633	0.8	0.667	0.732	0.808	0.923	0.876	0.869	0.096	0.671	0.349	0.467	0.942	0.04	0.157	0.245	0.407	0.15	0.184	0.104	0.281	0.148	0.152	0.667	0.143	0.0	0.988	0.316	0.449	0.773	0.798	0.643	0.778	0.702	0.786	0.93	0.901	0.792	0.745	0.676	0.566	0.364	0.0	0.0	0.377	1.0	1.0	1.0	1.0	0.827	0.293	0.326	0.251	0.327	1.0	1.0	0.966	1.0	0.961	0.991	0.687	1.0	0.0	0.611	0.607	0.0	0.734	0.815	0.79	0.327	0.399	0.081	0.933	0.927	1.0	0.92	0.936	0.591	0.167	0.0	0.589	0.513	0.542	0.833	0.801	0.69	0.402	1.0	0.043	0.669	0.814	0.799	0.677	0.6	0.565	0.63	0.995	0.634	0.137	0.232	0.128	0.129	0.985	0.998	0.943	0.6	0.693	0.777	1.0	1.0	0.974	0.937	1.0	0.0	0.0	0.0	0.0	0.014	0.016	0.056	0.137	0.4	0.333	0.333	0.429	0.45	0.333	0.429	0.733	0.743	0.218	0.739	0.553	0.478	0.433	0.579	0.375	0.377	0.429	0.74	0.952	0.604	0.259	0.567	0.769	0.039	0.041	0.067	0.0	0.044	0.065	0.021	0.122	0.212	0.0	0.125	0.125	0.022	0.125	0.186	0.045	0.081	0.119	0.184	0.147	0.012	0.082	0.078	0.233	0.148	0.167	0.0	0.118	0.0	0.333	0.259
M	0.704	0.445	0.824	1.0	1.0	1.0	0.45	0.0	0.62	0.803	0.88	0.507	0.573	0.378	0.532	0.962	0.682	0.0	0.711	0.526	0.765	0.54	0.405	0.0	0.0	0.5	0.5	0.667	0.6	0	1	0.61	0.611	0.165	0.661	0.5	0.119	0.936	0.511	0.119	0.135	0.858	0.405	0.212	0.679	0.353	0.141	0.328	0.212	0.24	0.006	0.018	0.126	0.96	0.725	0.715	0.552	0.725	0.5	0.778	0.748	0.192	0.786	0.055	0.655	1.0	0.942	0.811	0.957	0.19	0.975	0.574	0.633	0.756	0.376	0.754	0.687	0.561	0.802	0.548	0.747	0.578	0.664	0.584	0.312	0.0	0.0	0	0	0.747	0.857	0.154	0.024	0.3	0.562	0.116	1.0	0.82	0.705	0.856	0.313	0.78	0.47	0.0	0.186	0.206	0.018	0.433	0.612	0.0	0.099	0.611	0.132	0.094	0.328	1.0	0.7	0.351	1.0	0.541	0.0	0.004	0.044	0.185	0.0	0.11	0.206	0.69	0.188	0.407	0.815	0.443	0.917	0.13	0.739	0.067	0.054	0.969	0.46	1.0	0.325	0.09	0.0	0.004	0.076	0.5	0.27	0.115	0.0	0.647	0.711	0.579	0.328	0.629	0.927	0.08	0.678	0.765	0.308	1.0	0.388	0.0	0.942	0.333	0.038	0.462	0.56	0.515	0.504	0.728	0.884	0.648	0.266	0.0	0.0	0.0	0.509	0.682	0.57	0.451	0.387	0.222	0.2	0.814	0.952	0.659	0.793	0.047	0.148	0.085	0.298	1.0	0.317	1.0	0.239	0.686	0.21	0.595	0.203	0.318	0.444	0.171	0.319	0.0	0.0	0.08	0.192	0.084	0.224	0.615	0.788	0.382	0.109	0.209	0.334	0.563	0.446	0.661	0.671	0.43	0.475	0.258	0.862	0.989	0.42	0.388	0.024	0.163	0.738	0.352	1.0	0.747	0.673	0.223	0.333	0.0	0.317	0.079	0.29	0.872	0.827	0.789	0.855	0.553	0.945	1.0	0.58	0.507	0.434	0.0	0.144	0.019	1.0	0.388	0.0	0.913	0.447	0.49	0.587	0.523	0.825	0.799	1.0	0.905	1.0	1.0	1.0	0.948	0.719	0.609	0.0	0.0	0.06	0.8	0.748	0.72	0.667	0.554	0.504	0.352	0.207	0.382	0.0	0.893	1.0	0.553	0.0	0.056	0.044	0.149	0.086	0.1	0.164	0.0	0.149	0.656	0.131	0.114	0.0	0.37	0.815	0.0	0.0	0.802	0.57	0.0	0.943	0.0	0.399	0.623	0.431	0.357	0.18	0.87	0.689	0.453	0.873	0.753	0.728	0.837	0.965	0.0	0.0	0.206	0.0	0.304	0.207	0.548	0.882	0.8	1.0	0.966	0.455	0.579	0.294	0.205	0.389	0.0	0.848	0.11	1.0	0.88	0.619	0.747	0.144	0.103	0.0	0.167	0.352	0.057	0.084	0.577	0.68	0.846	0.126	0.22	0.231	0.452	0.769	0.407	0.314	0.533	1.0	0.701	0.721	0.628	0.0	0.626	0.163	0.13	0.458	0.0	0.291	0.334	0.226	0.801	0.512	0.217	0.651	0	0.214	0.842	0.701	0.804	0.0	0.31	0.692	0.049	0.827	0.284	0.565	0.4	0.792	0.689	0.973	0.963	0.443	0.456	0.703	0.028	0.372	0.756	0.346	0.789	0.47	0.386	0.504	0.314	0.374	0.987	1.0	0.903	0.587	1.0	1.0	1.0	0.714	0.862	0.13	0.603	0.4	0.442	0.913	0.072	0.242	0.423	0.246	0.533	0.156	0.101	0.307	0.131	0.083	0.581	0.179	0.077	0.971	0.344	0.364	0.193	0.167	0.229	0.175	0.492	0.47	0.873	0.813	0.71	0.673	0.63	0.569	0.421	0.154	0.179	0.025	0.149	0.088	0.109	0.162	0.198	0.087	0.124	0.019	0.106	0.11	0.158	0.133	0.054	0.15	0.196	0.088	0.112	0.0	0.627	0.625	0.652	0.603	0.348	0.0	0.599	0.353	0.171	0.696	0.729	0.543	0.46	0.574	0.723	0.192	0.221	0.488	0.151	0.674	0.599	1.0	0.67	0.0	0.829	0.036	0.465	0.65	0.522	0.442	0.619	0.58	0.534	0.827	0.767	0.244	0.387	0.184	0.175	0.99	0.846	0.738	0.6	0.621	0.717	0.836	0.848	0.836	0.833	0.883	0.088	0.282	0.278	0.114	0.113	0.127	0.019	0.24	0.4	0.333	0.333	0.429	0.486	0.333	0.5	0.733	0.639	0.48	0.646	0.496	0.739	0.848	0.895	0.875	0.541	0.772	1.0	0.952	1.0	0.221	0.701	0.925	0.032	0.082	0.156	0.015	0.089	0.109	0.043	0.346	0.577	0.04	0.333	0.304	0.174	0.193	0.372	0.045	0.108	0.19	0.211	0.248	0.122	0.189	0.289	0.132	0.185	0.192	0.221	0.191	0.18	0.419	0.224
N	0.988	0.023	0.057	0.046	0.309	0.0	1.0	0.675	0.398	0.203	0.33	0.12	0.358	0.969	0.134	1.0	0.987	0.798	0.175	0.087	0.745	0.328	0.313	0.765	0.709	0.5	0.5	0.0	0.4	1	1	0.402	0.472	0.57	0.186	0.136	1.0	0.106	0.391	0.908	0.185	0.322	0.893	0.871	0.195	0.519	1.0	0.552	1.0	0.243	1.0	0.333	0.726	0.439	0.171	0.089	0.092	0.125	0.033	0.197	0.281	0.949	0.643	0.411	1.0	0.202	0.263	0.45	0.319	0.13	0.07	0.442	0.349	0.8	0.197	0.328	0.126	0.382	0.604	0.365	0.438	0.578	0.589	0.449	0.438	0.5	0.75	0	0	0.64	0.429	0.423	0.024	0.5	0.562	0.029	0.198	0.48	0.602	0.327	0.091	0.23	0.265	0.981	0.524	0.853	0.716	0.23	0.39	0.484	0.827	0.317	0.645	0.328	0.562	0.32	0.388	0.375	0.248	0.108	0.881	0.278	0.877	0.404	0.331	0.67	0.51	0.268	0.55	0.077	0.481	0.024	0.7	0.377	0.859	0.489	0.49	0.385	0.08	0.265	0.012	0.787	0.634	0.5	0.0	0.5	0.775	0.729	0.451	0.403	0.111	0.0	0.562	0.532	0.963	0.11	0.483	0.235	0.14	0.4	0.141	0.58	0.43	0.086	0.598	0.523	0.142	0.111	0.15	0.117	0.149	0.169	1.0	0.522	0.289	0.321	0.312	0.557	0.23	0.0	0.0	0.741	0.62	0.116	0.15	0.154	0.322	0.941	0.382	0.457	0.294	0.515	0.212	0.381	0.548	0.831	0.267	0.234	0.021	0.067	0.131	0.432	0.507	0.493	0.509	0.039	0.47	0.598	0.125	0.065	0.157	0.0	0.719	0.468	0.848	0.737	0.557	0.362	0.896	0.641	0.742	0.553	0.338	0.187	0.25	0.295	0.78	0.918	0.595	0.295	0.284	0.0	0.646	0.068	0.576	0.805	0.762	0.849	0.85	0.0	0.047	0.086	0.121	0.288	0.0	0.181	0.056	0.054	0.648	0.245	0.502	0.531	0.4	0.141	0.586	0.609	0.105	0.294	0.54	0.486	0.553	0.465	0.42	0.45	0.63	0.655	0.644	0.572	0.555	0.391	0.843	0.97	0.657	0.336	0.009	0.011	0.201	0.423	0.285	0.6	0.576	0.573	0.608	0.56	0.0	0.566	0.737	0.806	0.695	0.689	0.442	0.481	0.359	0.264	0.368	0.419	0.759	0.619	0.449	0.156	0.12	0.724	0.333	0.254	0.871	0.416	0.602	0.638	0.391	0.281	0.496	0.878	0.0	0.417	0.342	0.535	0.416	0.425	0.539	0.519	0.276	0.562	0.562	1.0	0.174	0.174	0.103	0.0	0.588	0.4	0.222	0.207	0.364	0.368	0.353	0.41	0.444	0.556	0.213	0.355	0.557	0.666	0.076	0.247	0.153	0.872	0.898	0.826	0.432	0.886	0.924	0.096	0.25	0.282	0.683	0.773	0.692	0.029	0.736	0.226	0.192	0.639	0.317	0.0	0.121	0.186	0.199	0.336	0.101	1.0	0.583	0.744	0.443	0.421	0.964	0.65	0.313	0.488	0.028	0	0.429	0.218	0.896	0.196	1.0	0.684	0.192	0.63	0.459	0.951	0.756	0.565	0.488	0.508	0.938	0.95	0.303	0.029	0.516	0.065	0.33	0.162	0.235	0.711	0.373	0.579	0.752	0.225	0.097	0.258	0.271	0.352	0.213	0.287	0.294	0.337	0.362	0.848	0.413	0.205	0.44	0.535	0.797	0.186	0.727	0.99	0.746	0.417	0.416	0.405	0.752	0.217	0.244	0.413	0.321	1.0	0.835	0.892	0.589	0.432	0.488	0.221	0.23	0.149	0.804	0.303	0.354	0.233	0.167	0.039	0.08	0.076	1.0	0.389	0.746	0.432	0.375	0.207	0.378	0.37	0.221	0.411	0.941	0.454	0.102	0.136	0.409	0.045	0.256	0.382	0.715	0.355	0.0	0.36	0.366	0.028	0.164	0.354	0.151	0.327	0.566	0.658	0.141	0.167	0.162	0.042	0.209	0.485	0.756	0.753	0.319	0.277	0.373	0.394	0.319	0.342	0.687	0.432	0.116	0.129	0.431	0.082	0.343	0.379	0.417	0.633	0.459	0.159	0.692	0.819	0.511	0.504	0.695	0.306	0.236	0.314	0.182	0.121	0.299	0.298	0.074	0.041	0.171	0.85	0.885	0.87	0.729	0.718	0.683	0.531	0.706	0.4	0.333	0.333	0.429	0.45	0.333	0.429	0.733	0.777	0.293	0.739	0.473	0.478	0.465	0.684	0.438	0.426	0.532	0.851	0.952	0.644	0.25	0.488	0.0	0.695	0.557	0.133	0.754	0.733	0.609	0.745	0.626	0.115	0.84	0.812	0.75	0.826	0.466	0.093	0.627	0.595	0.619	0.579	0.513	0.648	0.552	0.889	0.645	0.519	0.756	0.753	0.706	0.599	0.587	0.293
P	0.605	0.736	0.223	0.22	0.0	0.0	1.0	0.859	0.376	0.367	0.433	0.49	0.62	0.565	0.606	0.0	0.629	0.0	0.211	0.42	0.353	0.32	0.0	1.0	0.335	0.0	0.0	0.0	0.0	0	0	0.367	0.389	0.405	0.288	0.182	0.963	0.0	0.135	1.0	0.785	0.0	0.628	0.835	0.195	0.0	0.821	1.0	0.5	1.0	0.118	0.132	1.0	0.465	0.365	0.338	0.304	0.356	0.533	0.0	0.0	1.0	0.714	0.534	0.328	0.067	0.226	0.679	0.702	0.018	0.613	0.31	0.265	0.0	1.0	0.213	0.531	0.637	0.0	0.337	0.356	0.578	0.579	1.0	0.062	0.0	0.0	0	0	0.0	0.229	0.154	1.0	0.3	0.0	0.053	0.0	0.0	0.006	0.077	0.232	0.24	0.205	1.0	1.0	1.0	1.0	0.867	0.372	0.142	0.383	0.177	0.707	0.125	0.531	0.272	0.331	0.244	0.0	0.676	0.874	1.0	0.136	1.0	0.133	0.091	0.411	0.31	0.5	0.121	0.556	0.735	0.675	0.481	0.359	0.378	0.439	0.0	0.071	0.0	0.124	0.533	0.982	0.508	0.347	0.5	0.899	0.882	0.745	0.288	0.322	1.0	0.312	0.382	0.671	0.4	0.372	0.588	0.271	0.0	0.0	1.0	0.0	0.025	1.0	0.585	0.0	0.03	0.0	0.107	0.025	0.845	0.064	0.024	0.0	1.0	0.257	0.723	0.605	0.404	0.337	0.815	0.62	0.302	0.21	0.077	0.347	1.0	0.462	0.787	0.262	0.385	0.271	0.403	0.234	0.245	0.333	0.273	0.079	0.146	0.109	0.7	0.647	0.622	0.544	0.104	0.567	0.449	0.103	0.127	0.118	0.0	0.508	0.348	0.698	0.768	0.643	0.428	0.849	0.297	0.85	0.517	0.0	0.0	0.182	0.016	0.772	0.98	0.262	0.008	0.099	0.02	0.133	0.136	0.508	0.911	1.0	0.655	0.605	0.506	0.091	0.177	0.274	0.121	0.491	0.136	0.056	0.258	0.77	0.558	0.749	0.243	0.0	0.0	1.0	0.0	0.0	0.118	0.46	0.0	0.289	0.0	0.053	0.0	0.0	0.0	0.0	0.0	0.0	0.0	0.349	0.822	0.701	0.6	0.207	0.0	0.0	0.0	0.0	0.095	0.196	0.494	0.873	0.973	0.506	0.934	0.705	1.0	1.0	1.0	1.0	1.0	1.0	1.0	1.0	0.656	0.969	0.727	0.469	0.593	0.87	0.0	0.484	0.135	0.19	0.128	0.0	0.307	1.0	0.675	0.0	0.479	1.0	0.752	0.345	0.85	0.811	0.886	0.0	0.919	0.465	0.25	0.25	0.206	1.0	0.087	0.0	0.032	0.059	0.0	0.111	0.0	0.0	0.0	0.0	0.179	1.0	0.556	0.055	0.858	0.0	0.0	0.271	0.095	1.0	0.735	1.0	0.803	0.0	1.0	0.824	0.308	0.186	0.308	0.097	0.209	0.692	0.871	0.041	1.0	0.346	0.398	0.112	0.545	0.254	0.133	0.965	0.801	1.0	0.0	0.368	0.0	0.123	0.108	1.0	0.493	0.937	0.461	0.157	0	0.454	0.601	0.805	0.071	0.11	0.31	0.275	0.21	0.728	0.432	0.693	0.749	0.488	0.566	0.975	0.977	0.335	0.879	0.768	0.03	0.442	0.75	0.716	1.0	0.542	0.658	0.62	0.691	0.271	0.0	0.0	0.0	0.12	0.0	0.0	0.0	0.0	0.0	0.096	0.466	1.0	1.0	0.0	1.0	0.732	0.796	0.983	0.583	1.0	1.0	1.0	1.0	1.0	0.406	0.589	1.0	0.0	1.0	0.494	0.409	0.381	0.043	0.04	0.62	0.0	0.35	0.368	0.211	0.137	0.007	0.0	0.0	1.0	0.235	0.316	0.473	0.5	0.315	0.554	0.765	0.315	0.355	0.56	0.424	0.222	0.186	0.22	0.097	0.419	0.381	0.412	0.373	0.0	0.355	0.355	0.157	0.012	0.419	0.245	0.509	0.278	0.198	0.378	0.333	0.228	0.02	0.304	0.0	0.692	0.662	1.0	1.0	1.0	1.0	0.856	1.0	1.0	0.225	1.0	0.174	0.354	0.207	0.0	0.353	0.329	0.348	0.824	0.366	0.238	0.929	0.455	0.414	0.881	0.768	0.711	0.171	0.156	0.248	0.097	0.241	0.16	0.046	0.13	0.848	0.836	0.833	0.829	0.803	0.698	0.244	0.684	0.3	0.333	0.333	0.429	0.36	0.444	0.286	0.917	0.808	0.317	0.923	1.0	0.478	0.304	0.579	0.188	0.279	0.429	0.698	0.952	0.842	1.0	0.299	0.517	0.0	0.454	0.844	0.077	0.733	0.826	0.319	0.43	0.788	0.04	0.75	0.732	0.261	0.273	0.698	0.0	0.486	0.69	0.0	0.389	0.692	0.322	0.678	0.707	0.444	0.692	0.662	0.706	0.57	0.594	0.388
Q	0.519	0.0	0.211	0.131	0.404	0.395	0.45	0.795	0.539	0.206	0.202	0.305	0.502	1.0	0.32	0.962	0.506	0.638	0.713	0.381	0.667	0.44	0.416	0.275	0.198	0.5	0.5	0.667	0.6	1	1	0.553	0.583	0.671	0.102	0.045	0.468	0.574	0.549	0.45	0.39	0.667	0.339	0.318	0.818	0.16	0.506	0.264	0.263	0.295	0.135	0.395	0.314	0.176	0.256	0.045	0.0	0.014	0.233	0.795	0.367	0.444	0.786	0.356	0.647	0.135	0.117	0.43	0.4	0.19	0.0	0.55	0.042	0.918	0.341	0.574	0.242	0.372	0.74	0.489	0.703	0.578	0.442	0.596	0.375	0.5	0.75	0	0	0.798	0.571	0.154	0.024	0.3	0.562	0.046	0.484	0.22	0.56	0.692	0.455	0.74	0.419	0.333	0.762	0.294	0.229	0.197	0.531	0.324	0.691	0.491	0.762	0.312	0.562	0.445	0.501	0.505	0.723	0.311	0.336	0.155	0.268	0.543	0.284	0.212	0.608	0.183	0.638	0.055	0.407	0.0	0.825	0.351	0.641	0.356	0.352	0.646	0.398	0.574	0.26	0.984	0.718	0.323	0.173	0.5	0.798	0.711	0.608	0.555	0.111	0.19	0.562	0.694	0.967	0.094	0.65	0.529	0.14	0.789	0.188	0.38	0.605	0.42	0.348	0.277	0.39	0.0	0.571	0.187	0.628	0.38	0.17	0.181	0.107	0.484	0.413	0.38	0.195	0.061	0.055	0.889	0.76	0.023	0.166	0.516	0.702	0.271	0.338	0.469	0.089	0.191	0.077	0.203	0.123	0.145	0.213	0.2	0.035	0.037	0.087	0.506	0.404	0.438	0.33	0.036	0.593	0.351	0.053	0.192	0.145	0.0	0.778	0.596	0.805	0.672	0.488	0.534	0.77	0.199	0.725	0.43	0.512	0.747	0.5	0.395	0.402	0.398	0.357	0.541	0.975	0.394	0.416	0.039	0.545	0.627	0.556	0.194	0.8	0.144	0.112	0.182	0.266	0.073	0.049	0.351	0.154	0.191	0.566	0.265	0.587	0.488	0.789	0.188	0.382	0.783	0.211	0.431	0.381	0.187	0.816	0.424	0.679	0.751	0.774	0.749	0.911	0.671	0.39	0.161	0.759	0.574	0.657	0.482	0.55	0.468	0.479	0.428	0.088	0.0	0.0	0.348	0.471	0.453	0.506	0.75	0.253	0.444	0.345	0.424	0.307	0.381	0.349	0.562	0.728	1.0	0.969	0.839	0.991	0.77	0.63	0.0	0.19	0.183	0.24	0.168	0.951	0.0	0.279	0.298	0.655	0.166	0.22	0.473	0.326	0.452	0.485	0.443	0.654	0.4	0.177	0.438	0.438	0.088	0.174	0.217	0.379	0.419	0.706	0.667	0.37	0.069	0.591	0.737	0.618	0.231	0.722	0.407	0.585	0.29	0.78	0.855	0.525	0.563	0.55	0.547	0.361	0.379	0.752	0.4	0.546	0.212	0.348	0.256	0.628	0.752	0.538	0.0	0.826	0.199	0.28	0.411	0.634	0.428	0.124	0.46	0.745	0.566	0.328	0.281	0.582	0.557	0.0	0.171	0.582	0.79	0.446	0.272	0.602	0	0.394	0.179	0.805	0.071	0.132	0.2	0.45	0.457	0.472	0.829	0.654	0.304	0.375	0.697	0.963	0.964	0.335	0.0	0.605	0.068	0.36	0.388	0.42	0.544	0.325	0.439	0.562	0.515	0.697	0.826	0.667	0.497	0.767	0.805	0.378	0.769	0.654	0.917	0.222	0.479	0.469	0.486	0.913	0.117	0.672	0.796	0.907	0.717	0.24	0.13	0.582	0.193	0.152	0.372	0.286	0.923	0.954	0.825	0.753	0.25	0.226	0.257	0.317	0.099	0.363	0.15	0.225	0.139	0.095	0.0	0.11	0.206	0.846	0.222	1.0	0.351	0.338	0.141	0.432	0.494	0.159	0.391	0.541	0.449	0.045	0.089	0.155	0.067	0.163	0.33	0.364	0.368	0.18	0.511	0.517	0.603	0.178	0.362	0.117	0.258	0.308	0.649	0.193	0.148	0.284	0.149	0.181	0.389	0.859	0.506	0.516	0.478	0.397	0.734	0.43	0.53	0.793	0.752	0.128	0.187	0.338	0.13	0.316	0.51	0.524	0.239	0.472	0.095	0.776	0.929	0.59	0.643	0.708	0.323	0.251	0.143	0.2	0.125	0.03	0.167	0.456	0.455	0.238	0.713	0.864	0.852	0.729	0.732	0.762	0.488	0.762	0.5	0.417	0.417	0.429	0.528	0.444	0.571	0.764	0.822	0.282	0.769	0.235	0.478	0.632	0.737	0.562	0.525	0.515	0.856	0.952	0.693	0.154	0.659	0.122	0.773	0.711	0.289	0.862	0.778	0.717	0.787	0.766	0.308	0.88	0.854	0.821	0.783	0.75	0.256	0.896	0.838	0.714	0.816	0.499	0.724	0.57	0.889	0.762	0.593	0.859	0.506	0.676	0.733	0.628	0.483
R	0.531	0.226	0.047	0.11	0.489	0.395	0.783	0.94	0.735	0.215	0.342	0.192	0.545	0.893	0.599	0.946	0.535	0.734	0.34	0.486	0.667	0.711	0.169	0.461	0.495	0.5	0.5	0.667	1.0	0	1	0.792	0.833	0.911	0.0	0.0	0.44	0.436	0.421	0.495	0.0	0.683	0.0	0.635	0.346	0.321	0.378	0.488	0.229	0.323	0.483	0.281	0.434	0.425	0.343	0.202	0.153	0.244	0.333	0.256	0.273	0.313	1.0	0.493	0.405	0.247	0.109	0.0	0.0	1.0	0.02	0.767	0.361	0.979	0.279	0.0	0.0	0.558	0.719	0.759	1.0	0.578	0.916	0.624	0.312	1.0	0.75	1	0	0.756	0.714	0.038	0.0	1.0	1.0	0.002	0.407	0.54	0.0	0.385	0.475	0.78	0.496	0.389	0.457	0.382	0.394	0.25	0.726	0.236	0.691	0.725	1.0	0.344	1.0	0.058	1.0	1.0	0.652	0.432	0.531	0.21	0.276	0.53	1.0	0.049	0.905	0.028	0.775	0.011	0.148	0.225	0.0	0.481	0.63	0.4	0.465	0.5	0.283	0.58	0.284	0.463	0.731	0.386	1.0	1.0	0.843	0.779	0.51	0.722	0.0	0.279	1.0	1.0	0.995	0.105	1.0	0.529	0.327	0.463	0.412	0.313	0.465	0.383	0.333	0.308	0.376	0.17	0.451	0.179	0.595	0.451	0.106	0.151	0.125	0.516	0.627	0.557	0.117	0.178	0.055	0.741	0.72	0.372	0.22	0.22	0.281	0.882	0.578	0.849	0.062	0.053	0.028	0.061	0.166	0.076	0.293	0.088	0.011	0.0	0.011	0.76	0.532	0.427	0.234	0.0	0.766	0.434	0.0	0.299	0.333	0.0	0.847	1.0	0.529	0.535	0.478	0.503	0.703	0.122	0.753	0.589	0.375	0.516	0.5	0.24	0.331	0.388	0.31	0.361	0.519	0.394	0.398	0.427	0.0	0.769	0.325	0.367	0.71	0.061	0.162	0.209	0.266	0.068	0.309	0.221	0.125	0.275	0.163	0.197	0.727	1.0	0.463	0.412	0.322	0.739	0.132	0.569	0.365	0.308	0.561	0.375	0.84	0.799	0.74	0.729	0.791	0.636	0.719	0.54	0.349	0.584	0.672	0.709	0.712	0.591	0.521	0.536	0.496	0.429	0.402	0.584	0.529	0.64	0.663	0.645	0.484	0.465	0.204	0.353	0.291	0.423	0.349	0.289	0.14	0.473	0.676	0.764	0.377	1.0	0.522	0.909	0.491	0.23	0.215	0.403	0.626	0.0	0.258	0.807	0.513	0.38	0.108	0.0	0.0	0.332	0.0	0.0	0.922	0.0	0.134	0.062	0.062	0.088	0.174	0.261	0.0	0.484	0.588	0.667	0.37	0.276	0.364	1.0	0.294	0.231	0.722	0.407	0.47	0.0	0.77	0.814	0.458	0.538	0.432	0.692	0.398	0.682	0.56	0.333	0.748	0.288	0.614	0.308	1.0	1.0	0.231	0.268	0.421	0.299	0.468	0.243	0.726	0.0	0.223	0.496	0.52	0.62	0.15	0.263	1.0	0.324	0.618	0.0	0.515	1.0	0.55	0.211	0.76	0	1.0	0.316	0.883	0.321	0.324	0.0	0.333	0.519	0.0	0.911	0.875	0.0	0.0	0.0	0.0	0.0	0.469	0.27	0.596	1.0	1.0	0.112	0.679	0.811	0.253	0.281	0.322	0.387	0.277	0.761	0.648	0.958	0.82	0.738	0.547	0.781	0.881	0.931	0.291	0.397	0.589	0.622	0.986	0.024	0.525	0.633	0.78	0.55	0.189	0.115	0.497	0.157	0.119	0.434	0.214	1.0	0.945	0.627	0.408	0.455	0.31	0.386	0.246	0.302	0.494	0.0	0.178	0.123	0.095	0.028	0.141	0.197	0.923	0.049	0.455	0.378	0.45	0.304	0.5	0.988	0.503	0.52	0.442	0.556	0.215	0.172	0.202	0.062	0.571	0.486	0.342	0.441	0.354	0.778	0.791	0.759	0.321	0.197	0.357	0.0	0.448	1.0	0.141	0.0	0.291	0.205	0.11	0.459	1.0	0.883	0.701	0.549	0.778	0.684	0.733	0.728	0.706	0.94	0.2	0.291	0.506	0.13	0.346	0.768	0.758	1.0	0.0	0.0	1.0	0.71	0.816	1.0	0.0	0.176	0.0	0.257	0.363	0.224	0.515	0.489	0.45	0.345	0.482	0.568	0.827	0.815	0.671	0.634	0.651	1.0	0.822	0.7	0.583	0.5	0.714	0.732	0.667	0.857	0.687	0.842	0.275	0.808	0.0	0.783	1.0	1.0	1.0	0.623	0.257	0.671	0.952	0.71	0.35	1.0	0.258	1.0	0.845	0.4	1.0	0.711	0.652	0.745	0.86	0.404	1.0	0.688	0.679	0.696	0.886	0.372	1.0	0.703	0.667	0.711	0.681	0.778	1.0	1.0	1.0	0.852	1.0	0.883	0.743	1.0	0.687	0.362
S	0.679	0.019	0.289	0.238	0.309	0.0	0.783	0.851	0.188	0.215	0.365	0.175	0.336	0.79	0.127	0.958	0.663	0.691	0.191	0.462	0.52	0.152	0.24	0.735	0.626	0.5	0.0	0.0	0.2	0	0	0.191	0.222	0.329	0.356	0.364	0.881	0.213	0.286	0.881	0.15	0.525	1.0	0.453	0.176	0.25	0.712	0.84	0.653	0.438	0.629	0.465	0.703	0.179	0.107	0.178	0.114	0.058	0.267	0.291	0.209	0.788	0.357	0.781	0.879	0.455	0.547	0.602	0.449	0.073	0.166	0.232	0.301	0.781	0.376	0.607	0.298	0.313	0.573	0.198	0.332	0.578	0.297	0.736	0.75	0.25	0.5	0	0	0.673	0.286	0.423	0.024	0.8	0.562	0.005	0.165	0.38	0.488	0.202	0.485	0.54	0.444	0.602	0.619	0.529	0.615	0.0	0.172	0.516	0.531	0.174	0.655	0.25	0.578	0.191	0.25	0.217	0.284	0.581	0.622	0.306	0.491	0.616	0.313	0.242	0.303	0.451	0.338	0.165	0.63	0.019	0.858	0.714	1.0	0.822	0.812	0.229	0.345	0.167	0.302	1.0	0.819	0.472	0.351	0.5	0.702	0.588	0.373	0.201	0.411	0.317	0.578	0.344	0.966	0.349	0.278	0.206	0.0	0.316	0.365	0.607	0.209	0.444	0.636	0.723	0.298	0.179	0.338	0.078	0.198	0.592	0.245	0.114	0.211	0.755	0.149	0.569	0.148	0.047	0.006	0.889	0.62	0.419	0.185	0.165	0.364	0.894	0.703	0.651	0.455	0.474	0.426	0.45	0.542	0.438	0.526	0.268	0.286	0.303	0.113	0.987	0.651	0.989	0.772	0.184	0.868	0.707	0.324	0.158	0.137	0.0	0.427	0.222	0.712	0.842	0.741	0.612	0.701	0.251	0.599	0.66	0.188	0.22	0.489	0.202	0.63	0.929	0.357	0.475	0.247	0.192	0.097	0.379	0.542	0.639	0.778	0.727	0.825	0.061	0.108	0.232	0.387	0.064	0.334	0.247	0.108	0.218	0.668	0.687	0.953	0.194	0.316	0.365	0.618	0.565	0.184	0.118	0.603	0.308	0.439	0.347	0.405	0.385	0.615	0.552	0.44	0.434	0.541	0.563	1.0	1.0	1.0	0.473	0.586	0.425	0.397	0.45	0.599	0.81	0.88	1.0	0.931	0.413	0.181	0.263	0.789	0.549	0.558	0.631	0.405	0.469	0.482	0.289	0.061	0.108	1.0	0.705	0.346	0.615	0.424	0.43	0.33	0.349	0.308	0.309	0.52	0.0	0.335	0.325	0.647	0.332	0.127	0.581	0.355	0.678	0.606	0.643	0.403	0.664	0.268	0.812	0.812	0.647	0.174	0.217	0.0	0.129	0.529	0.2	0.185	0.172	0.273	0.737	0.5	0.205	0.333	0.333	0.287	0.11	0.66	0.71	0.28	0.361	0.45	0.735	0.565	0.689	0.6	0.686	0.798	0.0	0.14	0.359	0.495	0.468	0.308	0.045	0.628	0.553	0.17	1.0	0.278	0.0	0.235	0.186	0.241	0.627	0.384	0.513	0.625	0.038	0.322	0.39	0.862	0.0	0.868	0.147	0.657	0	0.334	0.475	0.987	0.321	0.429	0.323	0.575	0.321	0.666	0.804	0.414	0.53	0.44	0.656	0.944	0.94	0.303	0.046	0.332	0.032	0.364	0.256	0.111	0.678	0.434	0.544	0.727	0.27	0.11	0.297	0.195	0.315	0.267	0.293	0.271	0.207	0.368	0.634	0.087	0.055	0.286	0.349	0.826	0.111	0.717	0.995	0.771	0.617	0.428	0.301	0.509	0.157	0.109	0.488	0.304	0.231	0.876	0.925	0.563	0.386	0.536	0.271	0.238	0.107	0.429	0.5	0.523	0.369	0.294	0.181	0.19	0.174	0.462	0.327	0.91	0.797	0.725	0.598	0.73	1.0	0.245	0.404	0.992	0.531	0.247	0.317	0.547	0.282	0.38	0.517	0.821	0.593	0.0	0.187	0.187	0.656	0.155	0.23	0.141	0.387	0.481	0.477	0.178	0.479	0.146	0.064	0.139	0.289	0.59	0.675	0.324	0.168	0.466	0.582	0.695	0.399	0.387	0.365	0.164	0.093	0.227	0.114	0.258	0.181	0.203	0.977	0.667	0.371	0.578	0.71	0.365	0.346	0.847	0.401	0.359	0.257	0.273	0.23	0.301	0.266	0.276	0.245	0.293	0.725	0.861	0.852	0.686	0.704	0.698	0.194	0.784	0.2	0.167	0.167	0.143	0.15	0.222	0.214	0.611	0.337	1.0	0.462	0.697	0.217	0.352	0.368	0.438	0.246	0.657	0.534	0.952	0.512	0.5	0.238	0.061	0.364	0.309	0.178	0.308	0.556	0.587	0.489	0.467	0.25	0.48	0.875	0.875	0.761	0.25	0.186	0.239	0.514	0.69	0.289	0.445	0.352	0.399	0.589	0.655	0.37	0.59	0.675	0.382	0.384	0.512	0.379
T	0.494	0.019	0.248	0.273	0.404	0.651	0.633	0.598	0.352	0.312	0.382	0.342	0.48	0.74	0.342	0.942	0.472	0.734	0.364	0.565	0.49	0.264	0.313	0.48	0.55	1.0	0.0	0.0	0.2	0	0	0.325	0.361	0.367	0.373	0.364	0.45	0.277	0.617	0.468	0.32	0.41	0.62	0.412	0.516	0.224	0.506	0.576	0.364	0.33	0.292	0.228	0.394	0.272	0.202	0.0	0.178	0.125	0.333	0.385	0.568	0.576	0.643	0.658	0.681	0.539	0.569	0.635	0.557	0.15	0.548	0.341	0.452	0.577	0.328	0.443	0.39	0.723	0.656	0.322	0.356	0.811	0.379	0.938	0.312	0.25	0.5	0	0	0.68	0.286	0.423	0.024	0.3	0.562	0.021	0.154	0.7	0.211	0.24	0.636	0.77	0.547	0.426	0.286	0.346	0.459	0.15	0.348	0.258	0.457	0.347	0.543	0.219	0.469	0.252	0.269	0.366	0.433	0.784	0.552	0.353	0.32	0.477	0.41	0.0	0.337	0.38	0.338	0.143	0.593	0.019	0.767	0.584	0.891	0.644	0.643	0.302	0.575	0.346	0.621	0.607	0.833	0.516	0.253	0.5	0.652	0.554	0.353	0.353	0.422	0.179	0.469	0.384	0.96	0.298	0.367	0.235	0.14	0.316	0.671	0.42	0.244	0.753	0.386	0.631	0.511	0.132	0.662	0.173	0.264	0.789	0.213	0.046	0.185	0.547	0.259	0.616	0.352	0.117	0.133	0.778	0.58	0.419	0.258	0.264	0.744	0.529	0.566	0.574	0.452	0.594	0.472	0.619	0.389	0.345	0.465	0.346	0.301	0.399	0.2	0.464	0.292	0.892	0.417	0.191	0.564	0.618	0.269	0.265	0.305	0.118	0.405	0.315	0.601	0.743	0.631	0.772	0.72	0.126	0.483	0.818	0.212	0.319	0.682	0.589	0.441	0.418	0.833	0.221	0.407	0.485	0.389	0.592	0.106	0.663	0.405	0.518	0.76	0.278	0.199	0.261	0.347	0.461	0.577	0.118	0.137	0.312	0.286	0.667	1.0	0.157	0.316	0.671	0.421	0.565	0.395	0.412	0.048	0.336	0.412	0.458	0.389	0.343	0.577	0.586	0.466	0.451	0.466	0.103	0.904	0.911	0.955	0.582	0.514	0.753	0.603	0.613	0.467	1.0	0.804	0.944	1.0	0.48	0.434	0.224	0.663	0.493	0.336	0.521	0.344	0.423	0.405	0.14	0.053	0.441	0.834	0.629	0.309	0.956	0.228	0.867	0.425	0.206	0.24	0.463	0.455	0.191	0.159	0.684	0.509	0.295	0.192	0.622	0.415	0.611	0.642	0.641	0.523	0.678	0.358	0.0	0.0	0.441	0.217	0.174	0.207	0.161	0.235	0.467	0.185	0.207	0.318	0.368	0.294	0.077	0.389	0.778	0.366	0.484	0.627	0.653	0.534	0.62	0.333	0.538	0.333	0.576	0.576	0.61	0.529	0.135	0.27	0.462	0.463	0.396	0.308	0.174	0.438	0.7	0.099	0.855	0.371	0.0	0.319	0.248	0.905	0.762	0.286	0.301	0.846	0.051	0.513	0.251	0.644	0.315	1.0	0.036	0.745	0	0.291	0.461	0.935	0.125	0.462	0.419	0.742	0.21	0.674	0.682	0.363	0.269	0.524	0.574	0.942	0.922	0.351	0.176	0.677	0.032	0.362	0.419	0.333	0.433	0.518	0.482	0.86	0.25	0.258	0.387	0.295	0.333	0.313	0.36	0.182	0.296	0.254	0.497	0.165	0.233	0.303	0.0	0.754	0.175	0.47	0.704	0.542	0.35	0.403	0.374	0.275	0.058	0.04	0.486	0.143	0.0	0.879	0.67	0.446	0.58	0.56	0.307	0.302	0.285	0.369	0.59	0.591	0.498	0.471	0.431	0.557	0.664	0.308	0.475	0.029	0.622	0.588	0.413	0.554	0.543	0.218	0.4	0.922	0.38	0.32	0.371	0.499	0.213	0.409	0.555	0.758	0.431	0.0	0.343	0.347	0.745	0.256	0.411	0.402	0.444	0.311	0.523	0.244	0.458	0.332	0.173	0.431	0.302	0.551	0.364	0.459	0.344	0.573	0.591	0.386	0.513	0.622	0.277	0.356	0.191	0.354	0.228	0.352	0.335	0.345	0.41	0.675	0.384	0.64	0.877	0.406	0.35	0.858	0.494	0.45	0.343	0.401	0.314	0.135	0.209	0.372	0.305	0.279	0.721	0.77	0.759	0.557	0.577	0.603	0.156	0.688	0.3	0.25	0.25	0.286	0.293	0.111	0.286	0.687	0.669	0.327	0.692	0.848	0.217	0.318	0.368	0.25	0.328	0.326	0.691	0.0	0.545	0.5	0.354	0.258	0.299	0.33	0.333	0.231	0.511	0.543	0.404	0.411	0.404	0.333	0.646	0.643	0.565	0.386	0.419	0.239	0.622	0.714	0.368	0.408	0.274	0.366	0.578	0.543	0.407	0.551	0.364	0.331	0.25	0.514	0.345
V	0.0	0.498	0.324	0.355	0.809	1.0	0.0	0.365	0.492	0.8	0.869	0.435	0.511	0.344	0.771	0.964	0.267	0.745	0.62	0.886	0.745	0.342	0.369	0.039	1.0	1.0	0.0	0.0	0.2	0	0	0.44	0.444	0.0	0.898	0.818	0.028	0.521	1.0	0.11	0.085	0.683	0.339	0.094	0.843	0.891	0.077	0.12	0.161	0.122	0.084	0.0	0.08	0.924	0.674	0.715	0.739	0.769	0.867	0.402	0.899	0.0	0.643	0.726	0.483	0.803	0.803	0.924	0.766	0.048	0.925	0.326	0.693	0.911	0.555	0.82	0.684	0.876	0.927	0.371	0.356	1.0	0.379	0.966	0.125	0.0	0.0	0	0	0.854	0.571	0.0	0.024	0.1	0.562	0.091	0.198	0.62	0.265	0.135	1.0	0.94	1.0	0.019	0.381	0.125	0.037	0.567	0.487	0.0	0.123	0.485	0.211	0.125	0.297	0.365	0.412	0.374	0.482	1.0	0.098	0.048	0.136	0.331	0.0	0.14	0.094	0.859	0.112	0.626	0.889	0.496	0.95	0.675	0.793	0.756	0.747	0.438	1.0	0.549	1.0	0.234	0.286	0.433	0.242	0.5	0.494	0.255	0.275	0.491	0.967	0.493	0.297	0.401	0.998	0.237	0.394	0.647	0.234	0.411	1.0	0.04	0.407	0.951	0.0	0.0	1.0	1.0	0.835	1.0	0.43	1.0	0.195	0.048	0.125	0.138	0.327	0.616	0.422	0.474	0.42	0.111	0.16	0.674	0.72	0.374	0.893	0.294	0.679	0.535	0.285	0.224	0.23	0.183	0.452	0.324	0.657	0.541	0.685	0.277	0.338	0.593	0.394	0.829	0.54	0.642	0.577	0.651	0.743	0.814	0.884	0.441	0.082	0.311	0.206	0.662	0.629	0.965	0.749	0.501	0.512	0.401	0.4	0.527	0.966	1.0	0.016	0.0	0.548	0.582	0.222	1.0	0.602	1.0	0.053	0.408	0.127	0.079	0.315	0.739	1.0	0.894	0.879	0.434	0.96	0.775	0.907	0.919	0.49	0.286	0.591	0.069	0.411	1.0	0.053	0.739	1.0	0.431	0.619	0.393	0.579	0.611	0.771	0.846	0.792	0.773	0.691	0.595	0.616	0.333	0.422	0.475	0.403	0.845	0.919	0.898	0.825	0.878	1.0	0.61	0.63	0.337	0.51	0.613	0.518	0.434	0.211	0.069	0.0	0.0	0.0	0.042	0.359	0.314	0.57	0.677	0.203	0.185	0.054	0.163	0.239	0.566	0.256	0.683	0.122	0.319	0.553	0.0	0.206	0.965	0.435	0.226	0.212	0.956	0.653	0.638	0.982	0.925	0.579	0.949	0.894	0.25	0.25	0.0	0.348	0.13	0.241	0.484	0.353	0.6	0.148	0.483	0.591	0.263	0.206	0.051	0.278	0.37	0.61	0.052	0.843	0.842	1.0	0.962	0.577	0.0	0.074	0.061	0.112	0.114	0.0	0.5	0.483	0.872	0.069	0.149	0.308	0.577	0.785	0.84	0.167	0.189	0.589	0.0	0.687	0.434	0.189	1.0	0.095	0.251	0.289	0.039	0.28	0.099	0.199	0.962	0.408	0.366	0.045	1	0.094	0.794	0.844	0.732	0.181	0.187	0.575	0.086	0.982	0.261	0.314	0.284	0.714	0.77	0.983	0.988	0.417	0.583	0.995	0.002	0.399	0.719	0.37	0.511	0.024	0.0	0.248	0.245	0.116	0.639	0.548	0.4	0.513	0.451	0.407	0.598	0.259	0.248	0.039	0.096	0.291	0.641	0.783	0.167	0.136	0.25	0.288	0.117	0.303	0.276	0.0	0.0	0.0	0.504	0.054	0.077	0.905	0.41	0.304	0.864	0.857	0.414	0.5	0.632	0.643	0.947	0.915	0.833	0.775	0.705	0.673	0.534	0.077	0.198	0.029	0.716	0.662	0.641	0.757	0.568	0.231	0.258	0.29	0.292	0.944	0.818	0.943	0.573	0.87	0.803	0.694	0.646	0.0	0.458	0.454	0.045	0.859	0.544	0.442	0.302	0.493	0.036	0.652	0.969	0.97	0.738	0.951	0.409	0.308	0.156	0.34	0.151	0.471	0.602	0.743	0.467	0.224	0.401	0.16	0.491	0.601	0.728	0.602	0.448	0.418	0.723	0.981	0.858	0.34	0.335	0.094	0.054	0.969	0.885	0.825	0.657	0.834	0.68	0.886	0.869	0.892	0.865	0.907	0.099	0.288	0.278	0.129	0.127	0.159	0.069	0.256	0.3	0.25	0.25	0.286	0.293	0.111	0.286	0.687	0.669	0.327	0.692	0.848	0.217	0.25	0.263	0.188	0.279	0.429	0.698	0.952	0.545	0.5	0.384	0.578	0.019	0.031	0.067	0.0	0.044	0.065	0.021	0.159	0.288	0.0	0.25	0.232	0.022	0.091	0.163	0.03	0.108	0.143	0.184	0.284	0.071	0.077	0.033	0.211	0.111	0.308	0.156	0.154	0.076	0.496	0.405
W	0.926	1.0	0.226	0.333	0.713	0.512	1.0	0.04	1.0	0.867	1.0	0.873	1.0	0.172	0.651	0.925	0.921	0.0	0.818	0.093	0.686	1.0	0.537	0.167	0.54	0.5	0.5	1.0	1.0	0	1	1.0	1.0	0.177	0.441	0.182	0.45	0.543	0.752	0.119	0.515	0.219	0.231	0.0	0.717	0.506	0.115	0.92	0.288	0.0	0.287	1.0	0.109	0.963	1.0	0.745	0.831	0.966	0.467	0.718	0.345	0.758	0.929	0.0	0.0	0.427	0.606	0.855	1.0	0.16	0.839	1.0	0.627	0.521	0.476	1.0	1.0	0.766	0.875	1.0	0.976	0.578	0.857	0.742	0.062	0.25	0.0	0	0	0.835	0.786	0.154	0.024	0.3	0.562	1.0	0.604	1.0	1.0	0.558	0.586	0.76	0.632	0.083	0.0	0.154	0.092	1.0	1.0	0.047	0.062	1.0	0.4	0.281	0.0	0.728	0.807	0.512	0.567	0.689	0.308	0.071	0.219	0.503	0.644	0.091	0.219	0.648	0.15	0.341	0.778	1.0	1.0	0.0	0.0	0.0	0.0	0.469	0.575	0.593	0.284	0.0	0.242	0.0	0.542	0.5	0.562	0.17	0.137	1.0	0.4	0.528	0.0	0.962	0.97	0.078	0.906	1.0	1.0	0.495	0.588	0.233	0.453	0.741	0.25	0.538	0.809	0.26	1.0	0.634	0.455	0.634	0.241	0.0	0.242	0.465	1.0	1.0	1.0	1.0	1.0	0.185	0.28	0.674	0.825	0.473	0.661	0.341	0.0	0.0	0.103	0.7	0.116	0.707	0.066	0.479	0.117	0.741	0.107	0.08	0.458	0.0	0.0	0.012	0.031	0.096	0.0	0.034	0.118	0.698	0.961	1.0	0.251	0.774	0.0	0.0	0.0	0.79	0.0	0.63	0.0	0.24	0.5	0.495	0.739	0.651	0.307	0.357	0.881	0.139	0.58	0.394	0.628	0.65	0.0	0.734	0.587	0.13	0.0	0.922	0.504	0.516	0.589	0.247	0.449	0.292	0.756	0.705	0.49	0.258	0.82	0.113	0.495	0.588	0.237	0.87	0.526	0.373	0.571	0.383	0.807	0.667	0.725	0.604	0.758	0.7	0.77	0.717	0.795	0.897	0.386	0.416	0.343	0.491	0.622	0.672	0.722	0.676	0.642	0.343	0.424	0.528	0.196	0.813	0.651	0.763	0.4	0.076	0.177	0.307	0.169	0.264	0.313	0.289	0.158	0.419	0.283	0.283	0.1	0.119	0.62	0.0	0.209	1.0	0.459	0.513	0.829	0.0	0.352	0.456	0.573	0.458	0.159	0.869	1.0	0.0	0.801	0.486	1.0	0.719	0.811	0.5	0.5	0.059	0.783	0.609	0.345	1.0	0.706	0.8	0.407	0.724	0.182	0.105	0.0	0.0	0.167	1.0	0.598	0.277	0.893	0.741	0.339	0.532	0.027	0.803	0.324	0.78	1.0	0.562	0.773	0.808	1.0	0.846	0.025	0.053	0.462	1.0	0.19	0.511	1.0	0.501	0.847	1.0	0.56	0.487	0.888	0.65	0.027	0.583	0.404	0.0	0.527	0.207	0.456	0.545	0.138	0.602	0.434	1	0.095	0.651	0.0	0.982	0.253	0.161	0.158	0.049	0.629	0.02	1.0	0.567	0.589	0.467	0.923	0.878	1.0	0.101	1.0	0.04	0.39	0.894	0.383	0.544	0.554	0.088	0.471	0.49	0.374	0.987	0.51	0.321	0.28	0.805	0.701	0.55	0.524	0.331	0.061	0.534	0.371	0.721	0.855	0.085	0.0	0.0	0.034	0.367	0.294	0.251	0.241	0.105	0.076	1.0	0.143	0.231	0.89	0.226	0.294	0.08	0.024	0.079	0.016	1.0	1.0	0.81	0.801	0.789	0.791	0.722	0.713	0.675	0.462	0.364	0.258	0.0	0.0	0.0	0.0	0.0	0.023	0.018	0.082	0.0	0.0	0.0	0.15	0.008	0.018	0.0	0.129	0.0	1.0	1.0	1.0	0.434	0.681	0.643	0.737	0.468	0.642	0.207	1.0	0.483	0.656	0.982	0.676	1.0	0.333	0.104	0.225	0.066	0.492	0.553	0.605	0.44	0.112	0.52	0.009	1.0	1.0	1.0	0.81	0.794	0.839	0.163	0.629	0.353	0.0	0.0	0.226	0.304	0.914	0.914	0.878	0.914	0.674	0.562	0.472	0.415	0.586	0.59	0.5	0.538	0.306	0.296	0.2	0.07	0.095	0.112	0.274	1.0	1.0	1.0	1.0	1.0	1.0	1.0	1.0	0.91	0.0	0.923	0.002	1.0	0.859	0.895	0.938	1.0	0.372	0.936	1.0	0.916	0.17	0.994	1.0	0.279	0.206	0.267	0.108	0.156	0.152	0.191	0.252	0.404	0.12	0.146	0.179	0.152	0.25	0.349	0.209	0.081	0.167	0.342	0.0	0.22	0.146	0.6	0.4	0.222	0.333	0.104	0.316	0.244	0.0	0.0
Y	0.802	0.709	0.107	0.191	0.404	0.651	0.783	0.502	0.806	0.588	0.598	0.517	0.564	0.084	0.651	0.936	0.797	0.723	0.098	0.688	0.686	0.729	1.0	0.471	0.457	0.5	0.5	0.667	1.0	0	1	0.801	0.861	0.532	0.237	0.136	0.615	0.128	0.827	0.615	0.12	0.399	0.537	0.471	0.453	1.0	0.596	0.456	0.331	0.181	0.567	0.632	0.451	1.0	0.798	0.668	0.571	0.763	0.367	0.0	0.755	0.879	0.929	0.288	0.198	0.534	0.482	0.715	0.787	0.18	0.035	0.822	1.0	0.756	0.332	0.623	0.604	0.702	0.74	0.801	0.464	0.578	1.0	0.781	0.25	0.25	0.5	0	0	0.756	0.786	0.154	0.024	0.3	0.562	0.209	0.088	0.12	0.53	0.163	0.828	1.0	0.684	0.315	0.857	0.0	0.367	0.95	0.796	0.073	0.16	0.796	0.474	0.312	0.172	0.614	0.604	0.475	0.319	0.838	0.587	0.198	0.579	0.278	0.263	0.167	0.454	0.296	0.45	0.099	0.519	0.708	0.85	0.234	0.272	0.333	0.317	0.281	0.619	0.327	0.456	0.148	0.3	0.134	0.026	0.5	0.601	0.299	0.333	0.806	0.356	0.728	0.172	0.903	0.902	0.0	0.861	0.853	0.682	0.211	0.718	0.427	0.174	0.802	0.356	0.585	0.801	0.34	0.947	0.529	0.19	0.887	0.351	0.193	0.099	0.321	0.741	0.723	0.613	0.545	0.536	0.556	0.6	0.419	0.535	0.0	0.612	0.906	0.231	0.236	0.213	0.556	0.156	0.425	0.387	0.834	0.224	0.4	0.108	0.102	0.109	0.222	0.052	0.28	0.183	0.15	0.232	0.402	0.175	0.591	0.649	0.676	0.528	0.774	0.34	0.319	0.23	0.744	0.562	0.0	1.0	0.277	0.1	0.165	0.864	0.783	0.622	0.582	0.0	0.213	0.099	0.687	0.637	0.621	0.58	0.32	0.698	1.0	0.405	0.55	0.583	0.539	0.54	0.379	0.632	0.314	0.21	0.621	0.5	0.184	0.516	0.275	0.211	0.718	0.434	0.87	0.684	0.216	0.127	0.047	0.325	0.5	0.435	0.456	0.63	0.64	0.654	0.688	0.651	0.483	0.386	0.713	0.701	0.745	0.748	0.715	0.859	0.815	0.825	0.448	0.576	0.449	0.853	1.0	0.723	0.684	0.537	0.25	0.358	0.294	0.153	0.188	0.467	0.157	0.377	0.269	0.569	0.642	0.377	0.496	0.022	0.664	0.33	0.778	0.201	0.601	0.537	0.293	0.296	0.921	0.47	0.572	0.327	0.745	0.77	0.232	0.706	0.517	0.883	0.573	0.594	1.0	1.0	0.206	0.652	0.043	0.276	0.194	0.0	0.333	0.481	0.276	0.5	0.053	0.353	0.205	0.444	0.185	0.25	0.097	0.607	0.751	0.763	0.722	0.766	0.761	0.685	0.818	0.584	0.39	0.798	0.635	0.71	0.615	0.275	0.592	0.923	0.99	0.273	0.348	0.856	0.703	0.704	0.857	0.923	0.15	0.37	0.902	0.158	0.583	0.678	0.154	0.0	0.273	0.693	0.196	0.0	1.0	0.408	1	0.334	0.443	0.377	0.589	0.203	0.361	0.158	0.099	0.619	0.412	0.852	0.456	0.524	0.557	0.966	0.949	0.599	0.967	0.801	0.031	0.362	0.762	0.543	0.789	0.41	0.193	0.372	0.358	0.135	0.323	0.429	0.461	0.52	0.524	0.481	0.562	0.378	0.662	0.213	0.658	0.217	0.473	0.812	0.159	0.126	0.066	0.398	0.233	0.344	0.336	0.137	0.053	0.036	0.765	0.107	0.154	0.931	0.0	0.282	0.443	0.321	0.314	0.198	0.711	0.929	0.577	0.632	0.58	0.549	0.463	0.398	0.271	0.462	0.265	0.115	0.297	0.225	0.163	0.257	0.21	0.151	0.155	0.307	0.132	0.245	0.197	0.561	0.142	0.3	0.248	0.481	0.199	0.73	0.804	0.809	0.409	0.591	0.587	0.368	0.449	0.041	0.477	0.607	0.396	0.802	0.773	0.746	0.768	0.41	0.429	0.426	0.11	0.812	0.745	0.402	0.666	0.159	0.673	0.105	0.726	0.761	0.728	0.675	1.0	1.0	0.0	0.619	0.203	0.294	0.471	0.477	0.457	0.902	0.682	0.88	0.6	0.561	0.926	0.722	0.706	0.794	0.839	0.771	0.224	0.427	0.426	0.214	0.127	0.159	0.275	0.507	0.8	0.75	0.75	0.857	0.8	0.667	0.929	0.917	0.866	0.209	1.0	0.081	0.739	0.869	1.0	1.0	0.803	0.467	0.873	0.736	0.864	0.133	0.86	0.701	0.409	0.268	0.222	0.231	0.244	0.196	0.319	0.271	0.288	0.213	0.208	0.196	0.239	0.318	0.349	0.299	0.189	0.238	0.368	0.241	0.313	0.286	0.644	0.474	0.481	0.41	0.429	0.25	0.413	0.235	0.336
