top_explain	min_th	just_aaindex	scale_ids
5	0.3	False	GEIM800111;ISOY800101;CIDH920105
5	0.4	False	GEIM800111;ISOY800101;CIDH920105
5	0.5	False	TSAJ990101;GEIM800111;ISOY800101;CIDH920104
5	0.6	False	TSAJ990101;GEIM800111;ISOY800101;CIDH920104
5	0.7	False	CHOC750101;GEIM800111;CHAM830101;KANM800101;KANM800103;QIAN880107;KANM800102;CIDH920102;CIDH920104;NADH010102;MEEJ810102;SIMZ760101
5	0.8	False	CHOC750101;GEIM800111;QIAN880130;CHOP780207;CHOP780201;ISOY800101;KANM800103;PALJ810101;RICJ880112;BEGF750102;PALJ810104;ROBB760106;CIDH920104;JURD980101;MEEJ810102;SIMZ760101
5	0.9	False	CHOC760101;TSAJ990102;GEIM800111;NAGK730103;QIAN880130;QIAN880134;ROBB760112;CHOP780207;AURR980112;CHOP780201;KANM800103;LEVM780101;PALJ810101;RICJ880112;QIAN880106;QIAN880108;RACS820105;CHOP780208;CHOP780209;LEVM780105;PALJ810111;QIAN880118;QIAN880120;ROBB760106;ARGP820101;CIDH920102;CIDH920104;NADH010102;WILM950102;ZIMJ680101;MEEJ810102;BROC820102;LAWE840101;RADA880102;WIMW960101
5	0.3	True	GEIM800111;ISOY800101;CIDH920105
5	0.4	True	TSAJ990101;GEIM800111;ISOY800101;FAUJ830101;SWER830101
5	0.5	True	TSAJ990101;GEIM800111;ISOY800101;FAUJ830101;SWER830101
5	0.6	True	TSAJ990101;GEIM800111;ISOY800101;FAUJ830101;SWER830101
5	0.7	True	CHOC750101;CHAM830101;GEIM800110;KANM800101;KANM800103;QIAN880108;LEVM780102;ROBB760106;CIDH920105;NADH010102;BROC820101;MEEJ810102;RADA880102;SIMZ760101
5	0.8	True	ROSG850101;CHOC750101;GEIM800111;QIAN880130;CHOP780207;KANM800103;PALJ810101;PALJ810102;RICJ880112;ROBB760101;QIAN880108;LEVM780102;ROBB760106;CIDH920105;JURD980101;NADH010103;MEEJ810102;RADA880102;SIMZ760101
5	0.9	True	CHOC750101;HARY940101;GEIM800111;CHAM830101;NAGK730103;QIAN880130;QIAN880133;CHOP780207;AURR980112;ISOY800101;KANM800103;PALJ810101;RICJ880112;QIAN880106;QIAN880108;RACS820105;CHOP780209;CRAJ730102;KANM800102;LEVM780105;PALJ810111;QIAN880118;QIAN880120;MIYS850101;ARGP820101;CIDH920102;NADH010102;ZIMJ680101;MEEJ800101;MEEJ810102;BROC820102;LAWE840101;RADA880102;WIMW960101
10	0.3	False	LINS030106;CHOC750101;GEIM800111;ISOY800101;CIDH920105;EISD840101;VINM940101
10	0.4	False	JANJ780101;LINS030107;LINS030106;LINS030114;CHOC750101;GEIM800111;KANM800103;PALJ810101;PALJ810102;QIAN880108;KANM800102;LEVM780102;CHAM830108;RADA880104;CIDH920105;NADH010102;MEEJ800101;MEEJ800102;MEEJ810102;SIMZ760101
10	0.5	False	JANJ780101;LINS030107;LINS030106;LINS030114;CHOC750101;GEIM800111;KANM800103;PALJ810101;PALJ810102;QIAN880108;KANM800102;LEVM780102;CHAM830108;RADA880104;CIDH920105;NADH010102;MEEJ800101;MEEJ800102;MEEJ810102;SIMZ760101
10	0.6	False	JANJ780101;LINS030107;LINS030106;LINS030114;CHOC750101;GEIM800111;KANM800103;PALJ810101;PALJ810102;QIAN880108;CHOP780202;CRAJ730102;LEVM780102;CHAM830108;YUTK870103;CIDH920105;EISD840101;NADH010102;MEEJ800102;MEEJ810102;SIMZ760101;OOBM850105
10	0.7	False	JANJ780101;LINS030107;LINS030106;LINS030114;CHOC750101;GEIM800111;KANM800103;PALJ810101;PALJ810102;QIAN880109;KANM800102;LEVM780102;CHAM830108;FAUJ880112;YUTK870101;RADA880107;CIDH920105;NADH010102;MEEJ800102;MEEJ810102;SIMZ760101;OOBM850105
10	0.8	False	JANJ780101;LINS030107;LINS030106;LINS030114;CHOC750101;GEIM800111;QIAN880130;CHOP780207;KANM800103;PALJ810101;PALJ810102;RICJ880112;QIAN880108;CHOP780202;LEVM780102;LEVM780105;KLEP840101;CHAM830108;FAUJ880112;CHAM830107;YUTK870101;YUTK870103;RADA880107;CIDH920104;GOLD730101;RADA880108;MEEJ810102;RADA880102;OOBM850105
10	0.9	False	LINS030104;LINS030109;LINS030114;LINS030108;VHEG790101;CHOC760101;TSAJ990101;GEIM800108;NAGK730103;QIAN880130;QIAN880133;QIAN880134;CHOP780207;AURR980112;ISOY800101;KANM800103;PALJ810101;PALJ810102;QIAN880109;RICJ880112;QIAN880104;RACS820105;CHOP780202;CHOP780209;KANM800102;LEVM780102;PALJ810111;QIAN880118;QIAN880120;ROBB760106;KLEP840101;CHAM830108;FAUJ880112;CHAM830107;YUTK870101;YUTK870103;RADA880105;ARGP820101;CIDH920105;JURD980101;NADH010102;WILM950101;WILM950102;ZIMJ680101;BROC820101;GUOD860101;MEEJ800101;MEEJ810101;BROC820102;EISD860101;LAWE840101;WIMW960101;BHAR880101;PARS000102;KRIW710101;OOBM850105
10	0.3	True	JANJ780103;CHOC750101;GEIM800111;ISOY800101;RADA880104;CIDH920105;VINM940101
10	0.4	True	CHOC760102;CHOC750101;GEIM800111;GEIM800104;KANM800103;ROBB760101;QIAN880107;CHOP780202;RADA880104;CIDH920105;NADH010102;MEEJ810102;SIMZ760101;VINM940101
10	0.5	True	GUYH850104;CHOC750101;GEIM800111;GEIM800104;KANM800103;ROBB760101;QIAN880107;CHOP780202;RADA880104;CIDH920105;NADH010102;MEEJ810102;SIMZ760101;VINM940101;OOBM850105
10	0.6	True	GUYH850104;CHOC750101;GEIM800111;GEIM800104;KANM800103;ROBB760101;QIAN880107;CHOP780202;RADA880104;CIDH920105;NADH010102;MEEJ810102;SIMZ760101;VINM940101;OOBM850105
10	0.7	True	GUYH850104;CHOC750101;GEIM800111;CHOP780201;KANM800103;LEVM780101;QIAN880109;CHOP780202;KLEP840101;CHAM830108;FAUJ880112;YUTK870104;CIDH920105;EISD840101;NADH010102;BROC820101;RADA880102;SIMZ760101;VINM940101
10	0.8	True	GUYH850104;CHOC750101;GEIM800111;NAGK730103;QIAN880130;CHOP780207;CHOP780201;KANM800103;LEVM780101;RICJ880112;QIAN880108;PALJ810104;PALJ810111;KLEP840101;CHAM830108;FAUJ880112;RADA880104;CIDH920105;NADH010102;PONP930101;MEEJ800102;MEEJ810102;SIMZ760101;VINM940102;VINM940103;KRIW790101
10	0.9	True	JANJ780101;RACS770103;VHEG790101;RADA880106;CHOC750101;CHAM830101;QIAN880130;QIAN880133;QIAN880135;ROBB760112;CHOP780207;AURR980112;CHOP780201;ISOY800101;KANM800103;LEVM780101;QIAN880109;RICJ880112;QIAN880104;RACS820105;CHOP780202;CHOP780208;CHOP780209;CRAJ730102;LEVM780102;PALJ810103;PALJ810111;QIAN880120;KLEP840101;CHAM830108;FAUJ880112;CHAM830107;YUTK870101;YUTK870103;RADA880104;ARGP820101;CIDH920105;NADH010102;WILM950102;ZIMJ680101;BROC820101;MEEJ800101;MEEJ810102;BROC820102;EISD860101;LAWE840101;SIMZ760101;WIMW960101;BHAR880101;PARS000101;PARS000102;VINM940101;KARP850101;VINM940102;KARP850102;VINM940103;KRIW710101;KRIW790101;OOBM850105
15	0.3	False	LINS030106;LINS030114;GUYH850104;BIOV880101;JANJ780102;CHOC750101;CEDJ970104;CHAM830101;GEIM800110;CHOP780201;ISOY800101;QIAN880108;CHOP780202;RADA880104;MEEJ810101;RADA880102
15	0.4	False	LINS030106;LINS030114;LINS030108;GUYH850104;BIOV880101;CHOC760103;CHOC750101;CEDJ970104;CHAM830101;CHOP780201;KANM800103;LEVM780101;QIAN880110;LEVM780102;ROBB760106;RADA880104;CIDH920105;GOLD730101;GUOD860101;KOEH090112;KARP850102
15	0.5	False	LINS030106;LINS030114;LINS030108;GUYH850104;BIOV880101;CHOC760103;CHOC750101;CEDJ970104;CHAM830101;CHOP780201;KANM800103;LEVM780101;QIAN880108;LEVM780102;ROBB760106;CHAM830108;RADA880104;CIDH920105;GUOD860101;RADA880102;SIMZ760101;KOEH090112;KARP850102
15	0.6	False	LINS030107;LINS030106;LINS030114;GUYH850104;BIOV880101;CHOC760103;CHOC750101;CEDJ970104;CHAM830101;GEIM800110;CHOP780201;KANM800103;LEVM780101;QIAN880108;LEVM780102;ROBB760106;CHAM830108;RADA880104;CIDH920105;GUOD860101;RADA880102;SIMZ760101;WILM950103;KARP850102
15	0.7	False	LINS030104;LINS030107;LINS030106;LINS030114;GUYH850104;BIOV880101;CHOC750101;JUKT750101;CEDJ970104;CHAM830101;AURR980111;CHOP780201;KANM800103;LEVM780101;LEVM780102;PALJ810104;ROBB760106;CHAM830108;FAUJ880112;HUTJ700103;YUTK870101;RADA880104;CIDH920105;KYTJ820101;MEEJ800102;MEEJ810101;SIMZ760101;CHAM820102;KOEH090112;KARP850102
15	0.8	False	LINS030109;LINS030114;GUYH850104;BIOV880101;CHOC760103;NISK800101;LINS030117;LINS030101;TSAJ990101;JUKT750101;CEDJ970104;GEIM800111;QIAN880130;CHOP780207;CHOP780201;KANM800103;LEVM780101;RICJ880112;AURR980110;LEVM780102;PALJ810104;ROBB760106;KLEP840101;FAUJ880112;YUTK870101;RADA880104;CIDH920105;MEEJ800102;MEEJ810102;RADA880102;SIMZ760101;CHAM820102;KOEH090112;WILM950103;VINM940101;KRIW790101
15	0.9	False	LINS030104;LINS030107;LINS030114;VHEG790101;BIOV880101;ARGP820103;CHOC760103;LINS030117;CHOC760101;TSAJ990101;JUKT750101;CEDJ970102;NAKH920101;FUKS010110;KUMS000103;CHAM830101;QIAN880130;QIAN880133;QIAN880134;ROBB760112;CHOP780207;CHOP780201;KANM800103;LEVM780101;PALJ810101;RICJ880112;AURR980110;QIAN880106;QIAN880108;AURR980108;RACS820105;CHOP780209;CRAJ730102;LEVM780105;PALJ810110;PALJ810111;QIAN880118;ROBB760106;KLEP840101;CHAM830108;FAUJ880112;CHAM830107;HUTJ700102;HUTJ700103;OOBM770102;YUTK870101;YUTK870103;RADA880107;ARGP820101;CIDH920105;EISD840101;NADH010102;ZIMJ680101;GUOD860101;MEEJ810102;BROC820102;EISD860101;LAWE840101;WIMW960101;CHAM820102;KOEH090112;WILM950103;PARS000102;KARP850102;KRIW710101;OOBM850105
15	0.3	True	JANJ780103;CHOC750101;CEDJ970104;GEIM800111;AURR980111;ISOY800101;EISD840101;NADH010102;SWER830101;VINM940101
15	0.4	True	GUYH850104;BIOV880101;CHOC760103;CHOC750101;JOND920101;NAKH920101;CHAM830101;GEIM800110;CHOP780201;ISOY800101;LEVM780104;LEVM780102;LEVM780105;ROBB760106;HUTJ700102;RADA880104;CIDH920105;NADH010102;GUOD860101;RADA880102;SIMZ760101;VINM940101;KRIW790101
15	0.5	True	GUYH850104;BIOV880101;CHOC760103;CHOC750101;JOND920101;NAKH920101;CHAM830101;GEIM800110;CHOP780201;ISOY800101;LEVM780104;LEVM780102;LEVM780105;ROBB760106;HUTJ700102;RADA880104;CIDH920105;NADH010102;GUOD860101;RADA880102;SIMZ760101;VINM940101;KRIW790101
15	0.6	True	GUYH850104;BIOV880101;BIOV880102;CHOC760103;CHOC750101;JOND920101;NAKH920101;CHAM830101;GEIM800110;CHOP780201;ISOY800101;LEVM780104;LEVM780102;LEVM780105;ROBB760106;HUTJ700103;RADA880104;CIDH920105;GUOD860101;SIMZ760101;WILM950103;VINM940101;KRIW790101
15	0.7	True	GUYH850104;BIOV880101;CHOC760103;ROSG850101;CHOC750101;DAYM780101;CEDJ970102;GEIM800111;QIAN880133;AURR980111;CHOP780201;KANM800103;LEVM780101;QIAN880108;CHOP780202;LEVM780102;LEVM780105;FAUJ880112;HUTJ700103;YUTK870101;RADA880104;CIDH920104;GUOD860101;SIMZ760101;CHAM820102;VINM940102;VINM940103
15	0.8	True	GUYH850104;WERD780101;JANJ780102;CHOC750101;DAYM780101;CEDJ970102;GEIM800111;QIAN880130;CHOP780207;CHOP780201;KANM800103;LEVM780101;RICJ880112;AURR980110;QIAN880108;CHOP780202;LEVM780102;LEVM780105;KLEP840101;FAUJ880112;HUTJ700102;YUTK870101;YUTK870103;RADA880107;CIDH920104;WILM950101;MEEJ800101;NOZY710101;SIMZ760101;CHAM820102;WILM950103;VINM940102;VINM940103;KRIW790101
15	0.9	True	JANJ780101;VHEG790101;BIOV880101;ARGP820103;CHOC760103;CHOC760101;TSAJ990101;JUKT750101;CEDJ970102;NAKH920101;FUKS010110;KUMS000103;GEIM800108;NAGK730103;QIAN880130;QIAN880133;QIAN880134;CHOP780207;AURR980112;BEGF750101;CHOP780201;KANM800103;LEVM780101;RICJ880112;QIAN880106;QIAN880108;RACS820105;CHOP780209;CRAJ730102;LEVM780105;PALJ810111;QIAN880118;QIAN880120;ROBB760106;KLEP840101;CHAM830108;FAUJ880112;CHAM830107;HUTJ700102;HUTJ700103;OOBM770102;YUTK870101;YUTK870103;RADA880105;ARGP820101;CIDH920105;EISD840101;NADH010103;ZIMJ680101;GUOD860101;MEEJ810102;BROC820102;EISD860101;LAWE840101;WIMW960101;CHAM820102;WILM950103;BHAR880101;PARS000102;VINM940101;KRIW710101;KRIW790101;OOBM850105
20	0.3	False	LINS030104;LINS030114;BIOV880101;CHOC760101;CEDJ970102;CEDJ970104;ISOY800101;QIAN880108;PALJ810103;CHOP780101;LEVM780106;WOEC730101;JURD980101;TAKK010101;PTIO830102
20	0.4	False	LINS030106;LINS030109;LINS030114;GUYH850104;BIOV880101;LINS030101;CEDJ970104;KANM800101;KANM800103;QIAN880108;KANM800102;TANS770103;CHOP780101;LEVM780103;RADA880104;HOPT810101;JURD980101;GUOD860101;SIMZ760101;WILM950103;KARS160101
20	0.5	False	JANJ780101;LINS030112;LINS030109;LINS030108;BIOV880101;CHOC760103;NISK800101;LINS030101;BIGC670101;JUKT750101;CEDJ970104;CHAM830101;QIAN880134;KANM800103;PALJ810101;PALJ810102;RACS820108;CHOP780202;PALJ810104;BEGF750103;LEVM780103;RADA880104;ENGD860101;FASG890101;KOEH090101;CIDH920105;NADH010102;GUOD860101;RADA880102;SIMZ760101;WILM950103;KARS160107;VINM940101;OOBM850101
20	0.6	False	JANJ780101;LINS030112;LINS030109;LINS030108;BIOV880101;CHOC760103;NISK800101;LINS030101;BIGC670101;JUKT750101;CEDJ970104;CHAM830101;ROBB760112;KANM800103;PALJ810101;PALJ810102;CHOP780202;PALJ810104;LEVM780103;ROBB760113;RADA880104;ENGD860101;FASG890101;KOEH090101;CIDH920105;NADH010102;GUOD860101;RADA880102;SIMZ760101;WILM950103;KARS160107;VINM940101;OOBM850101
20	0.7	False	JANJ780101;LINS030112;LINS030117;LINS030101;BIGC670101;JOND920101;JUKT750101;NAKH920101;QIAN880132;ISOY800101;KANM800103;TANS770101;QIAN880107;CHOP780202;LEVM780102;ISOY800102;CHOP780211;CHOP780101;LEVM780103;TANS770110;CHAM830108;YUTK870101;RADA880104;GRAR740102;KOEH090102;PRAM900101;WOEC730101;CIDH920102;CIDH920105;KYTJ820101;NADH010103;MEEJ810102;SIMZ760101;CHAM820102;KOEH090112;KARS160107;KARS160106;VINM940101;KRIW790101;PTIO830102
20	0.8	False	LINS030119;LINS030112;LINS030114;GUYH850104;ZHOH040103;LINS030117;BIGC670101;JOND920101;JUKT750101;NAKH920101;CHAM830101;KANM800103;MAXF760101;PALJ810101;RICJ880112;AURR980110;QIAN880108;CHOP780202;LEVM780102;QIAN880120;ROBB760106;BURA740102;ISOY800102;RACS820106;CHOP780211;CHOP780101;LEVM780106;ROBB760113;PALJ810116;KLEP840101;YUTK870101;YUTK870103;RADA880107;OOBM850104;GRAR740102;PRAM900101;WOEC730101;CIDH920105;JURD980101;NADH010103;GUOD860101;MEEJ800102;SIMZ760101;CHAM820102;KOEH090112;WILM950103;KARS160107;KARS160106;CHAM830104;LEVM760105;VINM940101;PTIO830102
20	0.9	False	JANJ780101;LINS030107;LINS030112;LINS030114;BIOV880101;CHOC760103;NISK800101;LINS030117;LINS030101;TSAJ990101;FASG760101;JUKT750101;CEDJ970102;NAKH920101;FUKS010110;KUMS000103;GEIM800111;QIAN880130;QIAN880134;ROBB760112;CHOP780207;AURR980112;KANM800103;PALJ810101;PALJ810102;RICJ880112;ROBB760101;QIAN880106;QIAN880108;RACS820105;CHOP780209;KANM800102;PALJ810103;PALJ810110;PALJ810111;ROBB760106;BURA740102;ISOY800102;QIAN880122;GEIM800106;LIFS790101;LIFS790102;RACS820110;RACS820106;CHOP780211;CHOP780101;LEVM780106;LEWP710101;PALJ810114;PALJ810115;ROBB760113;PALJ810116;KLEP840101;CHAM830108;CHAM830107;HUTJ700103;OOBM770102;YUTK870101;YUTK870103;RADA880107;HOPA770101;OOBM850104;ENGD860101;HOPT810101;KOEH090102;KUHL950101;ARGP820101;CIDH920105;KYTJ820101;WILM950101;WILM950102;ZIMJ680101;MEEJ800102;MEEJ810102;EISD860101;LAWE840101;WIMW960101;CHAM820102;KOEH090112;WILM950103;KARS160114;KARS160106;KARS160115;CHAM830104;BHAR880101;PARS000102;KARP850101;KRIW710101;OOBM850105;OOBM850101;FAUJ880107
20	0.3	True	ZHOH040103;CHOC760101;CEDJ970104;PALJ810102;QIAN880107;KANM800102;TANS770103;CHOP780101;OOBM770101;WOEC730101;JURD980101;SIMZ760101;VINM940101
20	0.4	True	BIOV880101;CHOC760103;JANJ790101;CHOC760101;CEDJ970104;KANM800103;LEVM780101;TANS770101;QIAN880108;PALJ810103;PALJ810104;CHOP780101;LEVM780106;RADA880104;OOBM770101;LEVM760101;WOEC730101;CIDH920105;MEEJ800101;MEEJ810101;EISD860101;SIMZ760101;KARS160101;VINM940101
20	0.5	True	GUYH850104;CHOC760103;TSAJ990101;CEDJ970104;QIAN880133;KANM800101;KANM800103;QIAN880106;QIAN880108;KANM800102;ISOY800102;LIFS790101;CHOP780203;LEVM780103;ROBB760113;HUTJ700103;YUTK870101;PRAM900101;WOEC730101;CIDH920105;EISD840101;NADH010103;BROC820101;MEEJ800101;MEEJ810102;SIMZ760101;KARS160114;KARS160101;VINM940103;KRIW790101;BASU050102
20	0.6	True	GUYH850104;CHOC760103;TSAJ990101;CEDJ970104;QIAN880133;ROBB760112;KANM800101;KANM800103;QIAN880106;QIAN880108;CHOP780202;KANM800102;ISOY800102;CHOP780203;LEVM780103;ROBB760113;HUTJ700103;YUTK870101;PRAM900101;WOEC730101;CIDH920105;EISD840101;NADH010102;BROC820101;MEEJ810102;SIMZ760101;KARS160114;KARS160101;VINM940103;KRIW790101;BASU050102
20	0.7	True	GUYH850104;CHOC760103;TSAJ990101;JUKT750101;CEDJ970104;QIAN880133;KANM800101;KANM800103;RACS820108;QIAN880106;CHOP780202;KANM800102;LEVM780102;ISOY800102;RACS820106;CHOP780203;LEVM780103;ROBB760113;HUTJ700103;YUTK870101;OOBM850104;PRAM900101;WOEC730101;CIDH920105;EISD840101;NADH010103;BROC820101;MEEJ810102;SIMZ760101;CHAM820102;KARS160114;KARS160101;VINM940103;BASU050102
20	0.8	True	BIOV880101;CHOC760103;BIGC670101;FASG760101;DAYM780101;CEDJ970104;KUMS000103;NAGK730103;QIAN880130;QIAN880133;CHOP780207;ISOY800101;KANM800103;NAGK730101;RICJ880112;QIAN880108;KANM800102;LEVM780102;BURA740102;ISOY800102;LIFS790101;RACS820106;CHOP780101;LEVM780103;ROBB760113;KLEP840101;HUTJ700103;YUTK870101;YUTK870103;RADA880107;OOBM770101;OOBM850104;ENGD860101;WOEC730101;CIDH920105;NADH010103;BROC820101;MEEJ800101;MEEJ810102;EISD860101;SIMZ760101;CHAM820102;WILM950103;CHAM830106;LEVM760105;VINM940101;KRIW790101;BASU050102
20	0.9	True	JANJ780101;BIOV880101;ARGP820103;CHOC760103;NISK800101;RADA880106;ROSG850101;TSAJ990102;JUKT750101;CEDJ970102;NAKH920101;FUKS010110;KUMS000103;GEIM800110;NAGK730103;QIAN880130;QIAN880133;ROBB760112;CHOP780207;ISOY800101;KANM800103;LEVM780104;MAXF760101;RICJ880112;QIAN880106;QIAN880108;AURR980108;RACS820105;CHOP780202;CHOP780208;CHOP780209;CRAJ730102;KANM800102;LEVM780102;PALJ810110;PALJ810111;QIAN880118;QIAN880120;BURA740102;ISOY800102;QIAN880122;GEIM800106;LIFS790102;RACS820110;RACS820106;CHOP780211;LEWP710101;PALJ810114;PALJ810115;ROBB760113;CHOP780216;PALJ810116;KLEP840101;CHAM830108;FAUJ880112;CHAM830107;HUTJ700103;OOBM770102;YUTK870101;YUTK870103;RADA880104;OOBM850104;ENGD860101;KUHL950101;WOEC730101;CIDH920105;NADH010102;NADH010104;WILM950101;WILM950102;BROC820101;MEEJ800101;MEEJ810101;BROC820102;EISD860101;LAWE840101;SIMZ760101;WIMW960101;CHAM820102;WILM950103;KARS160114;KARS160107;KARS160106;CHAM830104;BHAR880101;PARS000102;VINM940101;KARP850101;KRIW710101;KRIW790101;OOBM850105;OOBM850101;FAUJ880107
25	0.3	False	LINS030104;LINS030112;LINS030101;FAUJ880103;CEDJ970104;NAKH900111;MIYS990104;KANM800101;KANM800103;QIAN880107;KANM800102;CHOP780101;LEVM780106;GRAR740102;WOEC730101;CIDH920102;NADH010103;MEEJ810102;RADA880101
25	0.4	False	LINS030104;LINS030112;BIOV880101;CHOC760103;LINS030101;ROSG850101;CHOC750101;CEDJ970102;CEDJ970104;NAKH900111;MIYS990102;MIYS990105;ISOY800101;KANM800103;PALJ810101;QIAN880108;TANS770103;LIFS790101;CHOP780211;CHOP780101;LEVM780106;ZASB820101;HOPT810101;KOEH090103;WOEC730101;CIDH920104;EISD840101;MEEJ810102;RADA880102;SIMZ760101;WILM950103;KARS160107;VINM940101;OOBM850101
25	0.5	False	JANJ780101;LINS030107;LINS030106;LINS030114;BIOV880101;CHOC760103;LINS030101;CHOC750101;JOND920101;NAKH920106;NAKH920108;FUKS010106;PUNT030102;MIYS990101;CHAM830101;KANM800103;MAXF760101;PALJ810101;QIAN880107;CHOP780202;LEVM780105;TANS770103;CHOP780101;HUTJ700103;CIDH920105;EISD840101;NADH010103;MEEJ800101;MEEJ810102;WILM950103;KARS160107;KRIW790101;OOBM850101
25	0.6	False	LINS030104;LINS030107;LINS030106;LINS030114;BIOV880101;CHOC760103;LINS030117;LINS030101;CHOC750101;JOND920101;NAKH920101;NAKH920108;FUKS010106;PUNT030102;MIYS990101;CHAM830101;KANM800103;MAXF760101;PALJ810101;QIAN880107;CHOP780202;LEVM780105;TANS770103;CHOP780101;PALJ810105;HUTJ700103;CIDH920105;EISD840101;NADH010102;MEEJ800101;MEEJ810102;WILM950103;KARS160101;KRIW790101
25	0.7	False	LINS030107;LINS030106;LINS030114;GUYH850104;BIOV880101;CHOC760103;NISK800101;LINS030117;LINS030101;BIGC670101;JUKT750101;CEDJ970102;CEDJ970105;FUKS010110;NAKH920108;FUKS010106;PUNT030101;MIYS990101;ROBB760112;BEGF750101;KANM800103;MAXF760101;PALJ810101;LEVM780102;PALJ810104;ROBB760106;ISOY800102;CHOP780101;LEVM780106;ROBB760113;KLEP840101;YUTK870101;KUHL950101;PRAM900101;WOEC730101;CIDH920105;EISD840101;NADH010102;MEEJ810102;RADA880102;SIMZ760101;KOEH090112;KARS160107;KARS160102;KARP850102;BASU050102
25	0.8	False	LINS030107;LINS030112;LINS030114;GUYH850104;BIOV880101;CHOC760103;LINS030117;BIGC670101;DAYM780101;CEDJ970102;FUKS010110;DIGM050101;NAKH900112;FUKS010106;PUNT030102;MIYS990101;GEIM800111;CHOP780207;KANM800103;MAXF760101;PALJ810101;RICJ880112;RACS820105;CHOP780202;LEVM780102;ROBB760106;ISOY800102;KANM800104;RACS820106;CHOP780211;CHOP780101;PALJ810105;ROBB760113;FAUJ880111;YUTK870101;YUTK870103;RADA880107;HOPT810101;PRAM900101;WOEC730101;CIDH920105;NADH010103;MEEJ810102;RADA880102;SIMZ760101;CHAM820102;KOEH090112;WILM950103;KARS160114;KARS160107;KARS160102;CHAM830104;LEVM760105;KARP850102
25	0.9	False	LINS030104;LINS030107;BIOV880101;CHOC760103;NISK800101;LINS030117;ROSG850101;TSAJ990102;FASG760101;JUKT750101;CEDJ970102;NAKH920101;KUMS000101;DIGM050101;FUKS010102;NAKH900103;KUMS000104;FUKS010106;MIYS990102;MIYS990105;QIAN880130;QIAN880133;QIAN880134;CHOP780207;AURR980111;KANM800103;PALJ810101;PALJ810102;QIAN880109;RICJ880112;ROBB760101;QIAN880106;RICJ880109;QIAN880104;RACS820105;CHOP780209;KANM800102;LEVM780102;PALJ810103;PALJ810110;PALJ810111;QIAN880120;ROBB760106;BURA740102;ISOY800102;QIAN880122;GEIM800106;LIFS790102;RACS820110;RACS820106;CHOP780211;CHOP780101;LEVM780103;LEWP710101;PALJ810114;PALJ810115;ROBB760113;CHOP780216;PALJ810116;KLEP840101;CHAM830108;FAUJ880112;CHAM830107;FAUJ880111;HUTJ700103;OOBM770102;YUTK870101;YUTK870103;RADA880105;MITS020101;GARJ730101;ZASB820101;MCMT640101;HOPA770101;OOBM770101;OOBM850104;ENGD860101;HOPT810101;KOEH090103;KUHL950101;CIDH920105;EISD840101;KYTJ820101;NADH010102;NADH010104;WILM950101;WILM950102;ZIMJ680101;BROC820101;MEEJ800101;MEEJ810102;BROC820102;LAWE840101;SIMZ760101;WIMW960101;CHAM820102;KOEH090112;WILM950103;KARS160114;KARS160102;CHAM830104;CHAM830105;LEVM760105;BHAR880101;VINM940102;KRIW710101;OOBM850105;OOBM850101;FAUJ880107
25	0.3	True	FAUJ880103;CEDJ970104;NAKH900111;MIYS990105;KANM800101;KANM800103;KANM800102;CHOP780101;LEVM780106;RADA880104;ENGD860101;CIDH920105;NADH010102;MEEJ800102;LEVM760105;VINM940101
25	0.4	True	JANJ780101;BIOV880101;FAUJ880103;CEDJ970104;NAKH920108;FUKS010106;MIYS990102;MIYS990104;ISOY800101;KANM800103;PALJ810102;QIAN880108;PALJ810103;LIFS790101;CHOP780101;LEVM780106;RADA880104;WOEC730101;KYTJ820101;MEEJ800101;MEEJ810102;SIMZ760101;KARS160106;VINM940101;BASU050102
25	0.5	True	GUYH850104;BIOV880101;CHOC760103;BIGC670101;JOND920101;NAKH920101;FUKS010112;NAKH920108;FUKS010106;MIYS990101;MIYS990105;LEVM780101;NAGK730101;PALJ810102;QIAN880106;QIAN880108;CHOP780202;QIAN880120;ISOY800102;ROBB760105;CHOP780101;LEVM780103;RADA880104;MITS020101;ZASB820101;HOPA770101;ROSM880101;CIDH920105;NADH010102;MEEJ810102;RADA880102;SIMZ760101;KARS160101;LEVM760105;VINM940102
25	0.6	True	JANJ780101;BIOV880101;CHOC760103;BIGC670101;JOND920101;NAKH920101;FUKS010112;NAKH920108;FUKS010106;MIYS990101;MIYS990105;ROBB760112;LEVM780101;NAGK730101;PALJ810102;QIAN880106;QIAN880108;RACS820105;CHOP780202;QIAN880120;ISOY800102;ROBB760105;CHOP780101;LEVM780103;RADA880104;ZASB820101;HOPA770101;ROSM880101;CIDH920105;MEEJ810102;EISD860101;SIMZ760101;WILM950103;KARS160101;LEVM760105;VINM940102
25	0.7	True	GUYH850104;BIOV880101;BIGC670101;FASG760101;CEDJ970102;CEDJ970105;KUMS000102;FUKS010108;FUKS010106;GUYH850102;MIYS990101;MIYS990105;CHOP780207;KANM800103;LEVM780104;ROBB760101;CHOP780202;LEVM780102;ISOY800102;RACS820106;CHOP780101;LEVM780103;ROBB760113;KLEP840101;YUTK870101;YUTK870103;RADA880104;KUHL950101;PRAM900101;WOEC730101;CIDH920105;KYTJ820101;NADH010102;MEEJ810102;SIMZ760101;CHAM820102;KARS160114;KARS160102;CHAM830104
25	0.8	True	BIOV880101;BIGC670101;FASG760101;DAYM780101;CEDJ970102;FUKS010110;DIGM050101;FUKS010108;FUKS010106;GUYH850102;MIYS990101;MIYS990105;QIAN880130;QIAN880134;CHOP780207;AURR980111;CHOP780201;GEIM800104;KANM800103;LEVM780101;KANM800102;QIAN880119;ISOY800102;ROBB760105;RACS820106;CHOP780101;LEVM780106;LEWP710101;ROBB760113;PALJ810116;KLEP840101;FAUJ880111;RADA880104;LEVM760107;OOBM770101;OOBM850104;ENGD860101;WOEC730101;CIDH920102;CIDH920104;KYTJ820101;NADH010102;MEEJ800101;MEEJ800102;MEEJ810102;RADA880102;SIMZ760101;CHAM820102;WILM950103;KARS160114;KARS160101;CHAM830104;OOBM850105
25	0.9	True	JANJ780101;BIOV880101;ARGP820103;CHOC760103;NISK800101;ROSG850101;CHOC750101;JUKT750101;CEDJ970102;NAKH920101;KUMS000101;DIGM050101;FUKS010102;FUKS010108;KUMS000104;FUKS010106;GUYH850101;MIYS990101;MIYS990104;QIAN880130;QIAN880133;QIAN880134;CHOP780207;AURR980112;KANM800103;LEVM780104;RICJ880112;ROBB760101;QIAN880106;QIAN880108;RACS820105;CHOP780202;CHOP780209;CRAJ730102;KANM800102;LEVM780105;PALJ810111;QIAN880118;BURA740102;ISOY800102;QIAN880122;LIFS790101;LIFS790102;RACS820110;RACS820106;CHOP780211;CHOP780101;CHOP780203;LEVM780103;LEWP710101;PALJ810114;PALJ810115;CHOP780216;PALJ810116;KLEP840101;CHAM830108;FAUJ880112;CHAM830107;FAUJ880111;HUTJ700103;OOBM770102;YUTK870101;YUTK870103;JANJ790102;RADA880105;MITS020101;GARJ730101;ZASB820101;MCMT640101;HOPA770101;OOBM850104;ENGD860101;FASG890101;HOPT810101;KIDA850101;KUHL950101;CIDH920105;EISD840101;NADH010104;WILM950101;WILM950102;ZIMJ680101;BROC820101;MEEJ800101;MEEJ810102;BROC820102;LAWE840101;SIMZ760101;WIMW960101;CHAM820102;WILM950103;KARS160114;KARS160107;KARS160102;CHAM830104;LEVM760105;FAUJ880104;BHAR880101;OOBM850105;OOBM850101;FAUJ880107
30	0.3	False	LINS030104;LINS030106;BIOV880101;LINS030117;PLIV810101;FAUJ880103;CEDJ970104;FUKS010104;CEDJ970103;NAKH920108;MIYS990102;MIYS990104;CHAM830101;KANM800101;KANM800103;QIAN880108;KANM800102;CHOP780211;FAUJ880112;RADA880104;LEVM760107;HOPT810101;RADA880102
30	0.4	False	LINS030104;LINS030106;BIOV880101;ZIMJ680102;CHOC760101;ROSG850101;FASG760101;CEDJ970104;NAKH900109;FUKS010108;MIYS990101;MIYS990104;ISOY800101;PALJ810101;QIAN880106;QIAN880108;KANM800102;CHOP780101;ISOY800103;LEVM780106;RADA880104;FAUJ880109;MITS020101;HOPT810101;KYTJ820101;PONP930101;MEEJ810102;RADA880102;SIMZ760101;WILM950103;VINM940102;KARP850102
30	0.5	False	JANJ780101;LINS030106;LINS030109;BIOV880101;CHOC760101;ROSG850101;FASG760101;JOND920101;FUKS010110;FUKS010108;MIYS990101;MIYS990104;ISOY800101;PALJ810101;QIAN880106;QIAN880108;CHOP780202;KANM800102;CHOP780211;ISOY800103;LEVM780106;ROBB760113;YUTK870101;RADA880104;MITS020101;HOPT810101;CIDH920104;KYTJ820101;MEEJ810102;RADA880102;SIMZ760101;KOEH090112;VINM940102;KARP850102
30	0.6	False	JANJ780101;LINS030112;LINS030109;LINS030114;BIOV880101;CHOC760103;ZIMJ680102;LINS030101;BIGC670101;JOND920101;NAKH920101;FUKS010102;NAKH900112;FUKS010106;PUNT030101;MIYS990101;MIYS990104;ROBB760112;KANM800103;MAXF760101;PALJ810101;QIAN880107;CHOP780202;KANM800102;LEVM780102;BAEK050101;CHOP780101;LEVM780103;CHAM830108;ZIMJ680104;ENGD860101;CIDH920105;EISD840101;NADH010102;PONP930101;MEEJ800102;SIMZ760101;KOEH090112;KARS160101;KRIW710101;ZHOH040101
30	0.7	False	JANJ780101;LINS030112;LINS030109;LINS030114;BIOV880101;CHOC760103;LINS030101;ROSG850101;BIGC670101;JUKT750101;CEDJ970102;NAKH920101;FUKS010110;FUKS010104;NAKH920108;FUKS010106;PUNT030102;MIYS990102;MIYS990105;KANM800103;LEVM780104;MAXF760101;QIAN880109;KANM800102;LEVM780102;TANS770103;BAEK050101;GEIM800107;RACS820106;CHOP780211;CHOP780101;LEVM780106;YUTK870101;RADA880104;ZIMJ680104;JOND920102;MITS020101;LEVM760107;PRAM900101;WOEC730101;CIDH920105;NADH010102;PONP930101;MEEJ810101;SIMZ760101;WIMW960101;KOEH090112;KARS160101;KRIW790102
30	0.8	False	LINS030113;JANJ780101;LINS030109;BIOV880101;LINS030117;ZIMJ680102;BULH740102;LINS030101;ROSG850101;BIGC670101;CEDJ970102;CEDJ970101;NAKH920106;FUKS010110;DIGM050101;FUKS010108;PUNT030101;PUNT030102;MIYS990101;MIYS990105;QIAN880130;CHOP780207;AURR980111;AURR980112;KANM800103;MAXF760101;PALJ810101;QIAN880107;BEGF750102;KANM800102;PALJ810103;ISOY800102;LIFS790101;RACS820110;RACS820106;BEGF750103;CHOP780203;LEVM780103;SUYM030101;QIAN880113;CHAM830108;YUTK870101;YUTK870103;RADA880107;EISD860102;ZIMJ680104;JOND920102;KUHL950101;WOEC730101;CIDH920102;CIDH920105;JURD980101;NADH010102;PONP930101;MEEJ800102;MEEJ810101;NOZY710101;WIMW960101;CHAM820102;KOEH090112;WILM950103;KARS160101;CHAM830104;KARP850102;KARP850103
30	0.9	False	LINS030104;LINS030107;LINS030112;LINS030114;BIOV880101;ARGP820103;CHOC760103;WARP780101;LINS030117;BULH740102;COHE430101;PLIV810101;CHOC750101;PONJ960101;JUKT750101;CEDJ970102;NAKH920101;KUMS000101;DIGM050101;FUKS010102;FUKS010108;KUMS000104;FUKS010106;MIYS990102;MIYS990104;QIAN880130;QIAN880133;QIAN880134;ROBB760112;CHOP780207;AURR980111;CHOP780201;KANM800103;LEVM780101;RICJ880112;ROBB760101;AURR980110;QIAN880108;RICJ880109;QIAN880104;RACS820105;KANM800102;LEVM780102;PALJ810104;PALJ810110;PALJ810111;QIAN880118;QIAN880120;ROBB760106;BURA740102;ISOY800102;MAXF760102;RACS820111;TANS770103;QIAN880122;GEIM800106;LIFS790102;RACS820110;RACS820106;CHOP780211;CHOP780101;LEVM780103;LEWP710101;PALJ810114;PALJ810115;ROBB760113;PALJ810116;SUYM030101;RICJ880107;RICJ880111;QIAN880113;FODM020101;KLEP840101;FAUJ880112;CHAM830107;FAUJ880111;HUTJ700103;OOBM770102;YUTK870101;YUTK870102;YUTK870103;RADA880105;EISD860102;DAYM780201;JOND920102;WEBA780101;MITS020101;GARJ730101;ZASB820101;MCMT640101;HOPA770101;OOBM770101;OOBM850104;FASG890101;HOPT810101;KOEH090103;ZIMJ680103;CIDH920102;CIDH920105;EISD840101;NADH010103;WILM950101;WILM950102;ZIMJ680101;BROC820101;MEEJ800101;MEEJ810102;BROC820102;LAWE840101;SIMZ760101;WIMW960101;CHAM820102;KOEH090112;WILM950103;KARS160114;KARS160107;KARS160102;CHAM830104;LEVM760105;FAUJ880104;BHAR880101;OOBM850105;KARP850103;VINM940104;BASU050102;ZHOH040102;OOBM850101;FAUJ880107
30	0.3	True	NISK860101;FAUJ880103;CEDJ970104;NAKH900111;MIYS990104;KANM800101;KANM800103;QIAN880109;KANM800102;CHOP780101;LEVM780106;OOBM770101;ZIMJ680103;JURD980101;MEEJ810101;LEVM760105
30	0.4	True	JANJ780103;JANJ780102;NISK860101;FAUJ880103;CEDJ970104;CEDJ970103;NAKH920108;MIYS990103;MIYS990105;QIAN880133;KANM800101;KANM800103;TANS770101;QIAN880108;KANM800102;NAGK730102;BAEK050101;CHOP780101;PALJ810105;HUTJ700103;RADA880104;LEVM760107;PRAM900101;TAKK010101
30	0.5	True	JANJ780103;JANJ780102;NISK860101;FAUJ880103;CEDJ970104;CEDJ970103;NAKH920108;MIYS990103;MIYS990105;QIAN880133;KANM800101;KANM800103;TANS770101;QIAN880108;KANM800102;NAGK730102;BAEK050101;CHOP780101;PALJ810105;HUTJ700103;RADA880104;LEVM760107;PRAM900101;TAKK010101
30	0.6	True	JANJ780103;BIOV880101;CHOC760103;CHOC760101;CEDJ970104;FUKS010112;FUKS010104;NAKH920108;FUKS010106;MIYS990102;MIYS990104;CHAM830101;AURR980112;KANM800101;KANM800103;TANS770101;QIAN880108;KANM800102;PALJ810103;BAEK050101;CHOP780101;LEVM780106;PALJ810105;RADA880104;ZIMJ680104;LEVM760107;KIDA850101;PRAM900101;CIDH920105;MEEJ810102;EISD860101;SIMZ760101;VINM940102;ZHOH040102
30	0.7	True	CHOC760103;NISK860101;COHE430101;BIGC670101;JUKT750101;CEDJ970102;CEDJ970105;FUKS010110;NAKH900112;FUKS010106;PUNT030102;GUYH850102;MIYS990101;MIYS990104;GEIM800111;CHAM830101;ISOY800101;KANM800103;PALJ810101;QIAN880108;LEVM780105;ROBB760106;ISOY800102;BAEK050101;KANM800104;RACS820106;BEGF750103;CHOP780101;YUTK870101;RADA880104;ZIMJ680104;JOND920102;OOBM770101;PRAM900101;WOEC730101;CIDH920105;NADH010102;SIMZ760101;KARS160114;KARS160102;LEVM760105;VINM940103;ZHOH040101;PTIO830102
30	0.8	True	BIOV880101;JANJ780102;BULH740102;BIGC670101;JUKT750101;CEDJ970102;NAKH920101;FUKS010110;NAKH900112;FUKS010106;MIYS990104;GEIM800111;QIAN880130;CHOP780207;AURR980111;ISOY800101;KANM800103;PALJ810101;QIAN880108;RACS820105;LEVM780102;PALJ810103;QIAN880120;ROBB760106;ISOY800102;BAEK050101;KANM800104;RACS820106;CHOP780101;LEVM780106;PALJ810105;QIAN880113;KLEP840101;YUTK870101;YUTK870103;RADA880107;EISD860102;DAYM780201;JOND920102;WEBA780101;LEVM760107;OOBM770101;OOBM850104;ENGD860101;HOPT810101;WOEC730101;CIDH920105;GUOD860101;EISD860101;SIMZ760101;CHAM820102;WILM950103;KARS160114;KARS160101;CHAM830104;LEVM760105;VINM940103;OOBM850105;ZHOH040101;PTIO830102
30	0.9	True	CHOC760102;GUYH850104;BIOV880101;WERD780101;CHOC760103;BASU050103;COHE430101;PLIV810101;BIGC670101;FAUJ880103;JUKT750101;CEDJ970102;NAKH920101;FUKS010110;DIGM050101;FUKS010102;NAKH900103;KUMS000104;FUKS010106;GUYH850102;MIYS990101;MIYS990105;QIAN880130;QIAN880135;ROBB760112;CHOP780207;ISOY800101;KANM800103;LEVM780101;MAXF760101;NAGK730101;RICJ880112;QIAN880106;QIAN880108;RACS820105;CHOP780209;CRAJ730102;KANM800102;PALJ810111;QIAN880118;ROBB760106;BURA740102;ISOY800102;QIAN880122;LIFS790101;LIFS790102;RACS820110;RACS820106;CHOP780211;CHOP780101;LEVM780106;LEWP710101;PALJ810114;PALJ810115;ROBB760113;PALJ810116;SUYM030101;RICJ880107;RICJ880111;QIAN880113;FODM020101;KLEP840101;CHAM830108;FAUJ880112;CHAM830107;FAUJ880111;HUTJ700103;OOBM770102;YUTK870101;YUTK870103;RADA880104;EISD860102;DAYM780201;JOND920102;WEBA780101;MITS020101;GARJ730101;MCMT640101;HOPA770101;OOBM850104;FAUJ880110;ENGD860101;FASG890101;ROSM880101;CIDH920105;EISD840101;KYTJ820101;NADH010103;WILM950101;WILM950102;BROC820101;BROC820102;LAWE840101;SIMZ760101;WIMW960101;CHAM820102;WILM950103;KARS160114;KARS160101;CHAM830104;CHAM830105;LEVM760105;BHAR880101;KRIW710101;OOBM850105;KARP850103;VINM940104;TAKK010101;ZHOH040101;ZHOH040102;OOBM850101;FAUJ880107
35	0.3	False	JANJ780101;LINS030107;LINS030106;LINS030114;JANJ780102;NISK860101;FAUJ880103;CEDJ970104;FUKS010106;GEOR030101;KANM800101;KANM800103;QIAN880109;KANM800102;CHOP780101;LEVM780106;RADA880104;HOPT810101;GUOD860101;EISD860101;SIMZ760101;WILM950103;LEVM760105
35	0.4	False	LINS030106;GUYH850104;JANJ780102;ZIMJ680102;NISK860101;FAUJ880103;CEDJ970104;FUKS010106;MIYS990104;GEOR030109;GEOR030106;AURR980113;PALJ810101;PALJ810102;QIAN880106;QIAN880108;FINA910101;ROBB760105;LIFS790101;CHOP780101;LEVM780106;ZIMJ680104;KIDA850101;KOEH090102;CIDH920102;EISD840101;GUOD860101;NOZY710101;RADA880102;SIMZ760101;WILM950103;KARS160114;LEVM760102;VINM940102
35	0.5	False	LINS030106;GUYH850104;JANJ780102;ZIMJ680102;NISK860101;FAUJ880103;JOND920101;NAKH920101;FUKS010106;GUYH850101;MIYS990104;CHOP780207;GEOR030107;GEOR030106;AURR980113;PALJ810101;PALJ810102;QIAN880106;QIAN880108;FINA910101;ROBB760105;LIFS790101;CHOP780101;LEVM780103;ZIMJ680104;HOPT810101;KIDA850101;KOEH090102;CIDH920102;EISD840101;GUOD860101;NOZY710101;RADA880102;SIMZ760101;WILM950103;KARS160114;LEVM760102;VINM940102
35	0.6	False	LINS030107;LINS030112;GUYH850104;BIOV880101;BASU050101;LINS030101;BIGC670101;JUKT750101;CEDJ970104;FUKS010104;FUKS010108;PUNT030101;MIYS990104;QIAN880134;GEOR030101;AURR980101;KANM800103;PALJ810101;PALJ810102;QIAN880108;RICJ880103;KANM800102;LEVM780102;ISOY800102;BAEK050101;CHOP780101;LEVM780106;FAUJ880112;RADA880104;ZIMJ680104;KOEH090111;PRAM900101;CIDH920102;KYTJ820101;NADH010102;PONP930101;BROC820101;MEEJ800101;MEEJ810102;SIMZ760101;WILM950103;KARS160101
35	0.7	False	LINS030107;LINS030106;GUYH850104;LINS030117;NISK860101;COHE430101;BIGC670101;FASG760101;JUKT750101;CEDJ970104;CEDJ970105;FUKS010104;FUKS010108;FUKS010106;PUNT030101;PUNT030102;MIYS990102;MIYS990104;GEIM800111;GEOR030102;ONEK900102;GEOR030103;AURR980118;KANM800103;LEVM780104;MAXF760101;QIAN880106;AURR980105;RICJ880103;CHOP780202;LEVM780102;QIAN880121;ROBB760105;TANS770103;CHOP780203;PALJ810105;ROBB760113;TANS770108;YUTK870103;ZIMJ680104;JOND920102;ZASB820101;LEVM760107;FAUJ880110;ENGD860101;LEVM760101;CIDH920102;CIDH920105;EISD840101;KYTJ820101;NADH010102;MEEJ810102;SIMZ760101;CHAM820102;KOEH090112;KARS160114;KARS160102
35	0.8	False	LINS030104;LINS030106;LINS030114;BIOV880101;JANJ780102;LINS030117;PONP800107;ZIMJ680102;BULH740102;LINS030101;TSAJ990102;FASG760101;JOND920101;JUKT750101;NAKH920101;DIGM050101;FUKS010104;NAKH900109;FUKS010108;PUNT030102;MIYS990101;MIYS990105;GEIM800111;QIAN880130;QIAN880134;ROBB760112;CHOP780207;GEOR030102;ONEK900102;GEOR030106;AURR980118;AURR980101;AURR980102;KANM800103;MAXF760101;PALJ810101;QIAN880110;RACS820108;FINA910104;CHOP780206;AURR980105;FINA910101;CHOP780202;ROBB760105;LIFS790101;RACS820106;CHOP780101;PALJ810105;ROBB760113;MAXF760103;TANS770108;SUYM030101;QIAN880113;YUTK870101;YUTK870103;ZIMJ680104;JOND920102;KOEH090111;PRAM900101;WOEC730101;CIDH920102;CIDH920105;EISD840101;GUOD860101;MEEJ800101;MEEJ810101;SIMZ760101;WIMW960101;CHAM820102;KOEH090112;WILM950103;KARS160102;KARP850102;KARP850103;ZHOH040102
35	0.9	False	LINS030104;LINS030107;LINS030112;LINS030114;BIOV880101;CHOC760103;WARP780101;LINS030117;BASU050103;COHE430101;LINS030101;TSAJ990102;FASG760101;JUKT750101;CEDJ970102;NAKH920101;FUKS010110;DIGM050101;FUKS010102;CEDJ970103;NAKH900112;NAKH920108;FUKS010106;PUNT030101;MIYS990104;QIAN880130;QIAN880133;QIAN880134;ROBB760112;CHOP780207;GEOR030102;GEOR030107;ONEK900102;GEOR030106;AURR980118;AURR980101;AURR980102;AURR980111;KANM800101;KANM800103;MAXF760101;PALJ810101;RICJ880112;QIAN880106;QIAN880108;RICJ880109;AURR980116;RICJ880113;FINA910104;CHOP780206;AURR980104;AURR980105;RICJ880103;FINA910101;RACS820105;CHOP780209;KANM800102;PALJ810103;PALJ810110;PALJ810111;QIAN880120;ROBB760106;BURA740102;ISOY800102;QIAN880122;GEIM800106;LIFS790102;RACS820110;RACS820106;CHOP780211;CHOP780101;LEVM780103;LEWP710101;PALJ810114;PALJ810115;ROBB760113;PALJ810116;MAXF760103;TANS770108;SUYM030101;RICJ880107;RICJ880111;QIAN880113;FODM020101;CHAM830108;FAUJ880112;CHAM830107;FAUJ880111;HUTJ700102;HUTJ700103;OOBM770102;YUTK870101;YUTK870103;RADA880105;EISD860102;ZIMJ680104;DAYM780201;JOND920102;WEBA780101;MITS020101;GARJ730101;MCMT640101;HOPA770101;OOBM850104;FASG890101;GRAR740102;HOPT810101;KOEH090103;ZIMJ680103;MIYS850101;ARGP820101;CIDH920102;CIDH920105;EISD840101;NADH010103;WILM950101;WILM950102;ZIMJ680101;BROC820101;MEEJ810101;BROC820102;EISD860101;LAWE840101;WIMW960101;CHAM820102;KOEH090112;WILM950103;KARS160102;CHAM830104;CHAM830105;BHAR880101;OOBM850105;KARP850103;VINM940104;BASU050102;TAKK010101;ZHOH040102;OOBM850101;FAUJ880107
35	0.3	True	JANJ780101;CHOC760103;ZIMJ680102;NISK860101;ROSG850101;TSAJ990101;CEDJ970104;FUKS010104;FUKS010106;PUNT030102;MIYS990104;GEIM800111;QIAN880134;GEOR030106;KANM800101;KANM800103;QIAN880109;FINA910101;KANM800102;LEVM780102;CHOP780101;ISOY800103;RADA880104;PRAM900101;CIDH920105;EISD860101;SIMZ760101;KARS160114;KARS160101;VINM940102
35	0.4	True	GUYH850104;CHOC760103;ZIMJ680102;NISK860101;ROSG850101;CHOC750101;CEDJ970104;FUKS010104;FUKS010106;PUNT030102;MIYS990104;GEIM800111;QIAN880134;GEOR030106;KANM800101;KANM800103;QIAN880109;FINA910101;KANM800102;LEVM780102;CHOP780101;ISOY800103;FAUJ880111;RADA880104;PRAM900101;CIDH920105;EISD860101;SIMZ760101;KARS160114;KARS160102;VINM940102
35	0.5	True	GUYH850104;BIOV880101;CHOC760103;ROSG850101;BIGC670101;FASG760101;CEDJ970102;CEDJ970104;FUKS010108;MIYS990104;GEIM800111;QIAN880134;ROBB760112;GEOR030106;KANM800103;LEVM780101;PALJ810102;QIAN880109;FINA910103;FINA910101;KANM800102;LEVM780102;TANS770103;CHOP780101;PALJ810105;ZASB820101;HOPT810101;PRAM900101;CIDH920105;EISD840101;SWER830101;RADA880102;SIMZ760101;WILM950103;KARS160114;VINM940102
35	0.6	True	JANJ780103;BIOV880101;COHE430101;ROSG850101;CHOC750101;JOND920101;NAKH920101;FUKS010112;FUKS010104;NAKH920108;FUKS010106;PUNT030102;MIYS990102;MIYS990104;GEIM800111;GEOR030101;AURR980118;KANM800101;KANM800103;QIAN880108;RICJ880103;PALJ810104;ROBB760106;ISOY800102;CHOP780211;CHOP780101;RADA880104;ZIMJ680104;KIDA850101;WOEC730101;ROSM880101;KYTJ820101;BROC820101;SIMZ760101;WILM950103;KARS160102;LEVM760105;BASU050102
35	0.7	True	JANJ780103;BIOV880101;COHE430101;CHOC750101;JUKT750101;CEDJ970102;NAKH920101;FUKS010110;FUKS010104;FUKS010108;FUKS010106;MIYS990101;MIYS990104;GEIM800108;ROBB760112;GEOR030109;GEOR030106;AURR980118;CHOP780201;KANM800103;LEVM780101;QIAN880108;AURR980105;RICJ880103;KANM800102;LEVM780102;TANS770103;GEIM800107;LIFS790101;CHOP780101;LEVM780103;ROBB760113;TANS770108;KLEP840101;FAUJ880111;YUTK870101;RADA880104;ZASB820101;OOBM850104;KIDA850101;WOEC730101;ROSM880101;CIDH920105;KYTJ820101;NADH010103;MEEJ810102;SIMZ760101;CHAM820102;KARS160114;KARS160102;KARP850102;KRIW710101;ZHOH040102
35	0.8	True	GUYH850104;BIOV880101;BASU050101;BULH740102;ROSG850101;CHOC750101;JUKT750101;CEDJ970102;FUKS010112;FUKS010110;DIGM050101;FUKS010104;FUKS010108;FUKS010106;MIYS990105;GEIM800108;QIAN880130;ROBB760112;CHOP780207;GEOR030102;ONEK900102;GEOR030106;AURR980118;AURR980102;AURR980111;CHOP780201;KANM800103;LEVM780101;PALJ810101;QIAN880108;FINA910103;FINA910104;CHOP780206;AURR980104;AURR980105;FINA910101;RACS820105;KANM800102;BURA740102;ISOY800102;GEIM800107;LIFS790101;RACS820110;RACS820106;CHOP780101;LEVM780106;ROBB760113;MAXF760103;TANS770108;SUYM030101;QIAN880113;KLEP840101;YUTK870101;YUTK870103;RADA880107;EISD860102;JOND920102;MITS020101;OOBM850104;WOEC730101;ROSM880101;CIDH920105;JURD980101;NADH010102;BROC820101;GUOD860101;EISD860101;SIMZ760101;CHAM820102;WILM950103;KARS160114;KARS160101;CHAM830104;VINM940102;KRIW790101;KARP850103;ZHOH040101
35	0.9	True	JANJ780101;BIOV880101;CHOC760103;BASU050103;COHE430101;PLIV810101;LEVM760106;TSAJ990102;JOND920101;JUKT750101;NAKH920101;FUKS010110;DIGM050101;FUKS010102;NAKH900103;KUMS000104;FUKS010106;GUYH850101;MIYS990101;MIYS990104;BULH740101;QIAN880130;QIAN880133;QIAN880134;ROBB760112;CHOP780207;GEOR030102;GEOR030107;ONEK900102;GEOR030106;AURR980118;AURR980101;AURR980102;AURR980112;KANM800103;LEVM780104;PALJ810102;RICJ880112;ROBB760101;QIAN880106;QIAN880108;AURR980116;FINA910103;RICJ880113;FINA910104;CHOP780206;AURR980104;AURR980105;RICJ880103;FINA910101;RACS820105;CHOP780209;KANM800102;PALJ810103;PALJ810110;PALJ810111;QIAN880120;ROBB760106;BURA740102;ISOY800102;QIAN880122;GEIM800106;LIFS790102;RACS820110;RACS820106;CHOP780211;CHOP780101;LEVM780103;LEWP710101;PALJ810114;PALJ810115;ROBB760113;PALJ810116;MAXF760103;TANS770108;SUYM030101;RICJ880107;RICJ880111;QIAN880113;FODM020101;KLEP840101;CHAM830108;FAUJ880112;CHAM830107;FAUJ880111;HUTJ700103;OOBM770102;YUTK870101;YUTK870103;RADA880105;EISD860102;ZIMJ680104;DAYM780201;JOND920102;WEBA780101;MITS020101;GARJ730101;ZASB820101;CHAM820101;MCMT640101;HOPA770101;OOBM850104;FAUJ880110;ENGD860101;HOPT810101;ARGP820101;CIDH920105;EISD840101;KYTJ820101;NADH010103;WILM950101;WILM950102;ZIMJ680101;BROC820101;MEEJ800101;BROC820102;EISD860101;LAWE840101;WIMW960101;CHAM820102;WILM950103;KARS160114;KARS160101;CHAM830104;CHAM830105;BHAR880101;KRIW710101;OOBM850105;KARP850103;VINM940104;BASU050102;TAKK010101;OOBM850101;FAUJ880107
40	0.3	False	LINS030109;FAUJ880103;CEDJ970104;FUKS010104;FUKS010106;MIYS990104;GEOR030101;KANM800101;KANM800103;QIAN880109;FINA910101;GEIM800105;LIFS790101;CHOP780101;LEVM780103;ZIMJ680104;ROSG850102;KOEH090111;ZIMJ680103;MIYS850101;EISD840101;TAKK010101
40	0.4	False	LINS030104;LINS030106;CHOC760103;ZIMJ680102;FAUJ880103;JOND920101;NAKH920108;MIYS990104;QIAN880134;GEOR030101;ONEK900102;AURR980109;ISOY800101;PALJ810102;QIAN880109;FINA910101;GEIM800105;LIFS790101;CHOP780101;LEVM780103;SUYM030101;MITS020101;CORJ870107;ROSG850102;KIDA850101;KOEH090103;KOEH090111;CIDH920105;EISD840101;GUOD860101;SIMZ760101;KARS160114;CHAM830104;KRIW790102
40	0.5	False	LINS030104;LINS030106;VHEG790101;CHOC760103;NISK800101;LINS030105;ZIMJ680102;CHOC750101;CEDJ970104;NAKH900112;FUKS010106;MIYS990104;QIAN880134;ONEK900102;AURR980102;AURR980109;ISOY800101;PALJ810102;QIAN880109;FINA910101;TANS770103;LIFS790101;CHOP780101;LEVM780103;FODM020101;CHAM830107;VELV850101;ZIMJ680104;CORJ870107;ROSG850102;KIDA850101;KOEH090111;WOEC730101;CIDH920105;EISD840101;GUOD860101;RADA880102;SIMZ760101;MEIH800101;KARS160114;KARS160107
40	0.6	False	LINS030104;LINS030107;BIOV880101;CHOC760103;ROSG850101;TSAJ990102;JOND920101;NAKH920101;FUKS010110;CEDJ970103;NAKH900112;PUNT030101;MIYS990104;GEIM800111;QIAN880134;GEOR030101;FINA910102;AURR980101;AURR980112;LEVM780101;TANS770101;QIAN880106;QIAN880108;RICJ880103;FINA910101;KANM800102;ROBB760106;ISOY800102;BAEK050101;LIFS790101;CHOP780101;LEWP710101;HUTJ700103;RADA880104;ZIMJ680104;CORJ870107;PRAM900101;NADH010102;PONP930101;BROC820101;RADA880102;SIMZ760101;WILM950103;RACS770101;KARS160114;KARS160107;KRIW790102;ZHOH040101
40	0.7	False	LINS030104;LINS030106;LINS030109;RACS770103;BIOV880101;CHOC760103;PLIV810101;ROSG850101;TSAJ990102;DAYM780101;CEDJ970102;NAKH920101;KUMS000102;FUKS010104;NAKH900109;NAKH900112;NAKH920105;MIYS990102;MIYS990104;GEIM800111;CHAM830101;FINA910102;GEOR030106;AURR980101;AURR980102;AURR980112;BEGF750101;KANM800101;PALJ810101;QIAN880108;AURR980105;RICJ880103;LEVM780105;QIAN880120;ROBB760106;ISOY800102;ROBB760105;RACS820110;ROBB760113;TANS770110;TANS770108;FODM020101;KLEP840101;CHAM830108;FAUJ880108;VELV850101;LEVM760107;CORJ870107;NAKH900110;LEVM760101;EISD840101;NADH010102;PONP930101;MEEJ800101;SIMZ760101;KARS160107;LEVM760105;VINM940102;ZHOH040101
40	0.8	False	LINS030107;LINS030106;LINS030114;GUYH850104;BIOV880101;ZHOH040103;ARGP820103;CHOC760103;LINS030117;ZIMJ680102;BULH740102;ROSG850101;BIGC670101;JUKT750101;CEDJ970104;NAKH920101;FUKS010112;DIGM050101;FUKS010108;PUNT030102;MIYS990105;GEIM800111;QIAN880134;GEOR030102;FINA910102;GEOR030106;AURR980118;AURR980102;AURR980111;CHOP780201;KANM800103;PALJ810101;PALJ810109;QIAN880110;RACS820108;AURR980105;RICJ880103;FINA910101;CHOP780202;LEVM780102;QIAN880120;ROBB760105;BAEK050101;GEIM800107;RACS820106;CHOP780101;ROBB760110;PALJ810116;TANS770108;QIAN880113;KLEP840101;FAUJ880111;FAUJ880108;VELV850101;HUTJ700102;MUNV940102;YUTK870101;YUTK870103;RADA880107;JOND920102;LEVM760107;CORJ870102;DESM900102;HOPT810101;KOEH090110;WOEC730101;CIDH920105;PONP930101;BROC820101;MEEJ810101;SIMZ760101;WIMW960101;KOEH090112;WILM950103;PRAM820101;MEIH800101;MEIH800102;KARS160107;KARS160101;LEVM760105;OOBM850105;KARP850103;FINA770101
40	0.9	False	LINS030107;LINS030112;LINS030121;LINS030114;GUYH850104;BIOV880101;CHOC760103;LINS030117;BASU050103;BULH740102;COHE430101;TSAJ990101;FASG760101;JUKT750101;CEDJ970102;CEDJ970104;CEDJ970105;KUMS000101;DIGM050101;FUKS010102;NAKH900103;KUMS000104;FUKS010106;GUYH850101;MIYS990101;MIYS990104;QIAN880130;QIAN880134;CHOP780207;GEOR030102;GEOR030107;ONEK900102;GEOR030106;AURR980118;AURR980101;AURR980102;AURR980112;CHOP780201;KANM800103;LEVM780101;QIAN880109;RICJ880112;ROBB760101;QIAN880106;QIAN880104;AURR980116;RICJ880113;FINA910104;CHOP780206;AURR980104;AURR980105;RICJ880103;FINA910101;RACS820105;CHOP780209;PALJ810103;PALJ810104;PALJ810110;PALJ810111;ROBB760106;BURA740102;ISOY800102;MAXF760102;RACS820111;TANS770103;QIAN880122;GEIM800106;LIFS790101;RACS820106;CHOP780211;CHOP780101;CHOP780203;LEVM780103;LEWP710101;PALJ810114;PALJ810115;ROBB760113;PALJ810116;MAXF760103;TANS770108;SUYM030101;RICJ880107;RICJ880111;QIAN880113;FODM020101;FAUJ880112;CHAM830107;FAUJ880111;FAUJ880108;VELV850101;HUTJ700103;OOBM770102;MUNV940101;MUNV940105;YUTK870101;YUTK870103;RADA880104;EISD860102;ZIMJ680104;DAYM780201;JOND920102;WEBA780101;MITS020101;GARJ730101;MCMT640101;CORJ870101;CORJ870102;CORJ870104;CORJ870105;ROSG850102;DESM900102;NAKH900110;OOBM850104;HOPT810101;KOEH090102;KOEH090103;PRAM900101;MIYS850101;ARGP820101;CIDH920105;EISD840101;ZIMJ680101;MEEJ810102;BROC820102;LAWE840101;SIMZ760101;WIMW960101;CHAM820102;KOEH090112;WILM950103;PRAM820101;MEIH800101;KARS160114;KARS160102;CHAM830104;CHAM830105;CHAM830106;LEVM760105;FAUJ880104;KRIW790101;OOBM850105;KARP850103;VINM940104;ZHOH040102;OOBM850101;FAUJ880107
40	0.3	True	GUYH850104;ARGP820103;NISK860101;ROSG850101;TSAJ990101;JOND920101;NAKH920101;KUMS000102;FUKS010104;NAKH920105;MIYS990101;MIYS990103;GEIM800108;FINA910102;GEOR030106;KANM800101;KANM800103;QIAN880109;FINA910103;FINA910101;KANM800102;CHOP780101;LEVM780103;TANS770110;MUNV940102;KIDA850101;PRAM900101;CIDH920105;KYTJ820101;GUOD860101;RADA880101;SIMZ760101;WIMW960101;KARS160102;LEVM760102;VINM940102
40	0.4	True	GUYH850104;ARGP820103;NISK860101;ROSG850101;TSAJ990101;JOND920101;NAKH920101;KUMS000102;FUKS010104;NAKH920105;MIYS990101;MIYS990103;GEIM800108;FINA910102;GEOR030106;KANM800101;KANM800103;QIAN880109;FINA910103;FINA910101;KANM800102;CHOP780101;LEVM780103;TANS770110;MUNV940102;DAYM780201;KIDA850101;PRAM900101;CIDH920105;KYTJ820101;GUOD860101;RADA880101;SIMZ760101;WIMW960101;KARS160102;LEVM760102;VINM940102
40	0.5	True	JANJ780103;CHOC760103;NISK800101;NISK860101;FAUJ880103;JOND920101;NAKH920101;FUKS010102;CEDJ970103;NAKH920108;MIYS990104;ONEK900102;GEOR030106;AURR980101;ISOY800101;KANM800103;LEVM780104;QIAN880109;AURR980105;FINA910101;KANM800102;TANS770103;LIFS790101;CHOP780101;LEVM780106;ZIMJ680104;LEVM760107;CORJ870107;KIDA850101;PRAM900101;CIDH920105;EISD840101;NADH010102;SWER830101;MEEJ810102;SIMZ760101;WIMW960101;MEIH800101;KARS160114;KARS160101;TAKK010101
40	0.6	True	JANJ780103;CHOC760103;NISK860101;FAUJ880103;JOND920101;NAKH920101;FUKS010102;CEDJ970103;NAKH920108;MIYS990104;GEOR030101;ONEK900102;AURR980101;ISOY800101;KANM800103;LEVM780104;QIAN880110;RICJ880103;KANM800102;TANS770103;LIFS790101;CHOP780101;LEVM780106;PALJ810115;VELV850101;DAYM780201;CORJ870101;CORJ870107;KIDA850101;WOEC730101;CIDH920102;EISD840101;NADH010102;SWER830101;MEEJ810102;SIMZ760101;WIMW960101;WILM950103;MEIH800101;KARS160114;KARS160101;TAKK010101
40	0.7	True	JANJ780103;CHOC760103;ZIMJ680102;NISK860101;COHE430101;TSAJ990101;FASG760101;JUKT750101;CEDJ970104;NAKH920101;FUKS010112;FUKS010104;NAKH900112;NAKH920108;FUKS010106;MIYS990104;QIAN880133;FINA910102;GEOR030106;AURR980118;CHOP780201;ISOY800101;KANM800103;LEVM780101;QIAN880109;RICJ880103;CHOP780202;KANM800102;TANS770103;BAEK050101;RACS820110;CHOP780101;PALJ810105;TANS770108;RICJ880107;VELV850101;HUTJ700103;YUTK870101;EISD860102;ZIMJ680104;JOND920102;CORJ870101;CORJ870106;DESM900102;OOBM850104;LEVM760101;PRAM900101;WOEC730101;CIDH920104;EISD840101;MEEJ800102;MEEJ810102;SIMZ760101;MEIH800101;KARS160114;KARS160102;KRIW710101
40	0.8	True	BIOV880101;ARGP820103;CHOC760103;ZIMJ680102;BASU050101;BULH740102;FAUJ880103;DAYM780101;CEDJ970104;DIGM050101;FUKS010104;NAKH900109;FUKS010108;MIYS990104;GEIM800111;QIAN880135;CHOP780207;ONEK900102;GEOR030106;AURR980118;AURR980101;AURR980102;AURR980111;CHOP780201;KANM800103;LEVM780101;QIAN880110;QIAN880106;FINA910104;CHOP780206;AURR980105;CHOP780202;QIAN880120;BURA740102;BAEK050101;GEIM800107;RACS820106;CHOP780101;PALJ810105;ROBB760110;MAXF760103;TANS770108;QIAN880113;FAUJ880108;VELV850101;MUNV940101;MUNV940105;YUTK870101;RADA880104;EISD860102;ZIMJ680104;DAYM780201;LEVM760107;CORJ870107;NAKH900110;OOBM770101;OOBM850104;LEVM760101;PRAM900101;WOEC730101;CIDH920105;NADH010102;MEEJ800102;MEEJ810101;WIMW960101;WILM950103;PRAM820101;MEIH800101;KARS160114;LEVM760105;VINM940102;KARP850102;OOBM850105;KARP850103;ZHOH040102;FINA770101
40	0.9	True	JANJ780101;BIOV880101;CHOC760103;NISK860101;BULH740102;COHE430101;BIGC670101;FASG760101;JUKT750101;CEDJ970102;NAKH920101;FUKS010110;DIGM050101;FUKS010102;FUKS010108;FUKS010106;MIYS990102;MIYS990103;QIAN880130;QIAN880134;CHOP780207;GEOR030102;GEOR030107;ONEK900102;GEOR030106;AURR980118;AURR980101;AURR980102;AURR980111;KANM800103;PALJ810101;PALJ810102;QIAN880109;RICJ880112;ROBB760101;QIAN880106;RICJ880109;QIAN880104;AURR980116;RICJ880113;FINA910104;CHOP780206;AURR980104;AURR980105;RICJ880103;FINA910101;RACS820105;CHOP780202;CHOP780209;KANM800102;LEVM780102;LEVM780105;PALJ810111;QIAN880118;ROBB760106;BURA740102;ISOY800102;QIAN880122;LIFS790101;LIFS790102;RACS820106;CHOP780211;CHOP780101;LEVM780106;LEWP710101;PALJ810114;PALJ810115;ROBB760113;CHOP780216;PALJ810116;MAXF760103;TANS770108;SUYM030101;RICJ880107;RICJ880111;QIAN880113;FODM020101;FAUJ880112;CHAM830107;FAUJ880111;FAUJ880108;VELV850101;HUTJ700103;OOBM770102;MUNV940101;MUNV940105;YUTK870102;YUTK870103;RADA880104;EISD860102;ZIMJ680104;DAYM780201;JOND920102;WEBA780101;MITS020101;GARJ730101;ZASB820101;MCMT640101;LEVM760107;CORJ870102;CORJ870107;NAKH900110;HOPA770101;OOBM850104;FAUJ880110;ENGD860101;FASG890101;LEVM760101;ARGP820101;CIDH920105;EISD840101;KYTJ820101;NADH010102;NADH010104;WILM950101;WILM950102;ZIMJ680101;BROC820101;MEEJ800101;MEEJ810101;BROC820102;LAWE840101;WIMW960101;CHAM820102;WILM950103;PRAM820101;MEIH800101;KARS160114;KARS160101;CHAM830104;LEVM760105;BHAR880101;KRIW710101;OOBM850105;KARP850103;VINM940104;BASU050102;ZHOH040102;OOBM850101;FAUJ880107;GEOR030108;FINA770101;SUEM840101
45	0.3	False	LINS030107;LINS030106;GUYH850104;NISK860101;KRIW790103;CEDJ970104;FUKS010102;NAKH900112;FUKS010106;MIYS990102;GEIM800111;GEOR030101;FINA910102;LEVM780101;PALJ810102;QIAN880107;FINA910103;ISOY800108;AURR980105;CHOP780202;NAGK730102;CHOP780101;LEVM780103;YUTK870103;DAYM780201;ZASB820101;CORJ870107;FASG890101;CIDH920105;NADH010102;SWER830101;MEEJ810102;WOLR790101;PONP800102;KARS160114;KARS160101;BUNA790102;PTIO830102
45	0.4	False	LINS030104;LINS030106;GUYH850105;CHOC760103;FAUJ880103;CEDJ970104;FUKS010102;NAKH900109;NAKH920105;MIYS990102;MIYS990104;FINA910102;GEOR030106;KANM800101;KANM800103;QIAN880108;MAXF760104;FINA910101;KANM800102;TANS770103;ISOY800103;LEVM780106;ROBB760113;COSI940101;MUNV940101;YUTK870103;ZIMJ680104;DAYM780201;CORJ870107;ROSG850102;NAKH900110;HOPT810101;KOEH090102;CIDH920105;EISD840101;SIMZ760101;WOLR790101;PONP800102;KARS160114;KARS160102;ZHOH040101;ZHOH040102
45	0.5	False	LINS030104;LINS030112;GUYH850105;CHOC760104;NISK860101;FAUJ880103;JUKT750101;CEDJ970104;CEDJ970105;FUKS010104;NAKH920108;FUKS010106;PUNT030102;MIYS990101;MIYS990104;FINA910102;GEOR030106;AURR980112;KANM800101;PALJ810102;QIAN880106;QIAN880108;MAXF760104;MAXF760105;FINA910101;CHOP780202;KANM800102;TANS770103;CHOP780101;LEVM780106;ROBB760113;MUNV940101;JOND920102;CORJ870107;ROSG850102;NAKH900110;HOPT810101;KOEH090109;PRAM900101;EISD840101;JURD980101;SWER830101;SIMZ760101;WILM950103;WOLR790101;PONP800102;KARS160114;KARS160102;VINM940102;ZHOH040101;ZHOH040102
45	0.6	False	LINS030104;LINS030112;GUYH850105;CHOC760104;LINS030117;NISK860101;FAUJ880103;JUKT750101;CEDJ970104;CEDJ970105;FUKS010104;NAKH920108;KUMS000104;FUKS010106;PUNT030102;MIYS990101;MIYS990104;FINA910102;GEOR030106;AURR980112;KANM800101;PALJ810102;QIAN880106;QIAN880108;KIMC930101;MAXF760104;RICJ880103;FINA910101;CHOP780202;KANM800102;TANS770103;CHOP780101;LEVM780106;ROBB760113;ZASB820101;CORJ870107;ROSG850102;NAKH900110;HOPT810101;PRAM900101;EISD840101;JURD980101;SWER830101;SIMZ760101;WILM950103;WOLR790101;PONP800102;KARS160102;CHAM830104;LEVM760105;VINM940102;KRIW710101;KARP850103;ZHOH040101;ZHOH040102
45	0.7	False	LINS030104;LINS030112;BIOV880101;ARGP820103;ROSG850101;FAUJ880103;DAYM780101;JOND920101;NAKH920107;FUKS010104;FUKS010108;KUMS000104;FUKS010106;MIYS990101;MIYS990105;CHOP780207;FINA910102;GEOR030106;AURR980102;KANM800103;LEVM780104;PALJ810102;QIAN880108;MAXF760104;MAXF760105;AURR980105;KANM800102;QIAN880120;ROBB760106;TANS770103;BAEK050101;GEIM800105;RACS820110;CHOP780101;ISOY800103;LEVM780106;TANS770108;VELV850101;YUTK870101;YUTK870103;ZIMJ680104;DAYM780201;CORJ870101;CORJ870107;DESM900102;KOEH090103;KOEH090109;WOEC730101;CIDH920105;EISD840101;JURD980101;NADH010103;MEEJ810102;SIMZ760101;KOEH090112;PONP800102;MEIH800102;PRAM820103;KARS160102;LEVM760105;ROSM880103;ANDN920101;VINM940102
45	0.8	False	LINS030104;LINS030106;BIOV880101;LINS030117;ZIMJ680102;FAUJ880103;DAYM780101;JOND920101;FUKS010110;FUKS010104;FUKS010108;FUKS010106;PUNT030102;MIYS990101;MIYS990105;GEIM800111;CHOP780207;GEOR030102;ONEK900102;GEOR030106;AURR980118;AURR980102;KANM800103;LEVM780104;MAXF760101;QIAN880108;AURR980116;MAXF760104;MAXF760105;PALJ810113;CHOP780206;FINA910101;KANM800102;ROBB760106;BAEK050101;GEIM800105;LIFS790101;CHOP780211;CHOP780101;ISOY800103;ROBB760110;MAXF760103;TANS770108;QIAN880113;KLEP840101;FAUJ880111;FAUJ880108;VELV850101;YUTK870101;YUTK870103;JOND920102;CORJ870107;DESM900102;NAKH900110;WOEC730101;ROSM880102;CIDH920102;CIDH920105;EISD840101;JURD980101;NADH010103;PONP930101;RADA880102;SIMZ760101;WIMW960101;KOEH090112;WILM950103;MANP780101;PRAM820101;MEIH800102;PRAM820103;PRAM820102;KARS160102;LEVM760105;ROSM880103;ANDN920101;BUNA790103;VINM940102;OOBM850105;ZHOH040101;ZHOH040102;FINA770101
45	0.9	False	LINS030104;LINS030107;LINS030109;LINS030114;NISK800101;LINS030117;BULH740102;COHE430101;LINS030101;CHOC750101;HARY940101;FASG760101;JUKT750101;CEDJ970102;NAKH920101;FUKS010110;DIGM050101;FUKS010102;FUKS010108;KUMS000104;FUKS010106;GUYH850102;MIYS990101;MIYS990104;QIAN880130;QIAN880134;CHOP780207;GEOR030102;GEOR030107;ONEK900102;GEOR030106;AURR980118;AURR980101;AURR980102;AURR980111;KANM800103;LEVM780104;QIAN880109;RICJ880112;ROBB760101;QIAN880106;RICJ880109;QIAN880104;AURR980116;RICJ880113;FINA910104;TANS770109;KIMC930101;RICJ880115;KOEP990101;MAXF760104;PALJ810113;CHOP780206;AURR980104;AURR980105;RICJ880103;FINA910101;RACS820105;CHOP780202;CHOP780209;CRAJ730102;KANM800102;LEVM780102;LEVM780105;PALJ810110;PALJ810111;QIAN880118;QIAN880120;BURA740102;ISOY800102;QIAN880122;RACS820106;CHOP780211;CHOP780101;LEVM780106;LEWP710101;PALJ810114;PALJ810115;ROBB760113;CHOP780216;PALJ810116;MAXF760103;TANS770108;SUYM030101;RICJ880107;RICJ880111;QIAN880113;FODM020101;FAUJ880112;CHAM830107;FAUJ880111;FAUJ880108;VELV850101;HUTJ700103;OOBM770102;MUNV940101;MUNV940105;YUTK870101;YUTK870103;RADA880104;EISD860102;ZIMJ680104;DAYM780201;JOND920102;WEBA780101;MITS020101;GARJ730101;MCMT640101;CORJ870107;ROSG850102;DESM900102;NAKH900110;HOPA770101;OOBM850104;HOPT810101;KOEH090102;KOEH090103;PRAM900101;ZIMJ680103;ARGP820101;CIDH920105;EISD840101;FAUJ830101;KYTJ820101;ZIMJ680101;MEEJ810102;BROC820102;LAWE840101;WIMW960101;CHAM820102;KOEH090112;WILM950103;NADH010105;MANP780101;PONP800102;PONP800104;PONP800105;PONP800106;PRAM820101;MEIH800102;PRAM820103;PRAM820102;KARS160114;CHAM830104;ROSM880103;ANDN920101;BUNA790103;BUNA790101;BHAR880101;KRIW710101;OOBM850105;KARP850103;VINM940104;BASU050102;ZHOH040102;OOBM850101;FAUJ880107;GEOR030108;FINA770101;SUEM840101
45	0.3	True	JANJ780103;NISK860101;FAUJ880103;CEDJ970104;FUKS010102;NAKH900111;MIYS990102;MIYS990104;FINA910102;GEOR030106;AURR980113;LEVM780101;PALJ810102;QIAN880108;MAXF760104;AURR980105;TANS770103;LIFS790101;CHOP780101;PRAM900104;FAUJ880108;VELV850101;DAYM780201;MITS020101;PRAM900101;CIDH920105;FAUJ830101;NADH010103;SIMZ760101;WIMW960101;WOLR790101;KARS160114
45	0.4	True	JANJ780103;NISK860101;FAUJ880103;CEDJ970104;FUKS010102;NAKH900111;MIYS990102;MIYS990104;FINA910102;GEOR030103;AURR980113;LEVM780101;PALJ810102;QIAN880108;FINA910103;MAXF760104;FINA910101;TANS770103;LIFS790101;CHOP780101;PRAM900104;DAYM780201;PRAM900101;CIDH920105;FAUJ830101;NADH010103;SIMZ760101;WIMW960101;WOLR790101;KARS160114;BUNA790102
45	0.5	True	JANJ780101;CHOC760103;PONP800107;NISK860101;CHOC760101;JUKT750101;CEDJ970102;NAKH920101;FUKS010104;FUKS010108;FUKS010106;MIYS990104;CHAM830101;QIAN880134;FINA910102;AURR980101;ISOY800101;KANM800101;KANM800103;RICJ880112;QIAN880108;MAXF760104;FINA910101;KANM800102;QIAN880120;ISOY800102;LEVM780106;ROBB760113;VELV850101;ZIMJ680104;JOND920102;CORJ870105;KIDA850101;WOEC730101;NADH010102;NOZY710101;SIMZ760101;WIMW960101;CHAM820102;WOLR790101;PONP800102;KARS160117;ZHOH040102
45	0.6	True	JANJ780101;CHOC760103;BASU050101;CHOC760101;JUKT750101;CEDJ970102;NAKH920101;FUKS010104;NAKH920108;FUKS010106;MIYS990104;CHAM830101;QIAN880134;GEOR030103;AURR980101;ISOY800101;KANM800101;KANM800103;RICJ880112;QIAN880108;TANS770109;MAXF760104;FINA910101;KANM800102;QIAN880120;ISOY800102;LEVM780103;ROBB760113;KLEP840101;VELV850101;MUNV940104;YUTK870103;ROSG850102;ENGD860101;LEVM760101;CIDH920105;FAUJ830101;SIMZ760101;WIMW960101;WOLR790101;PONP800102;KARS160117;VINM940102;ZHOH040101;ZHOH040102
45	0.7	True	JANJ780103;RACS770103;CHOC760103;PONP800107;BASU050101;PLIV810101;CHOC760101;JUKT750101;CEDJ970102;NAKH920101;FUKS010104;FUKS010108;FUKS010106;MIYS990104;CHAM830101;QIAN880134;FINA910102;GEOR030106;AURR980118;CHOP780201;KANM800103;LEVM780101;QIAN880106;QIAN880108;MAXF760104;AURR980104;FINA910101;KANM800102;QIAN880120;TANS770103;LEVM780103;MAXF760103;RICJ880107;KLEP840101;YUTK870101;JOND920102;ROSG850102;OOBM850104;LEVM760101;ZIMJ680103;ROSM880101;CIDH920105;EISD840101;SIMZ760101;WIMW960101;CHAM820102;WOLR790101;PONP800102;PRAM820102;KARS160102;ROSM880103;ANDN920101;BUNA790103;VINM940102;KRIW710101;ZHOH040101;ZHOH040102
45	0.8	True	BIOV880101;CHOC760103;BULH740102;ROSG850101;TSAJ990102;DAYM780101;CEDJ970102;DIGM050101;FUKS010104;NAKH900109;FUKS010108;GUYH850102;MIYS990104;QIAN880132;ROBB760112;ONEK900102;GEOR030106;AURR980118;AURR980101;AURR980102;AURR980111;KANM800103;LEVM780104;PALJ810109;ROBB760101;QIAN880108;FINA910104;TANS770109;KIMC930101;MAXF760104;CHOP780206;AURR980105;FINA910101;KANM800102;PALJ810103;PALJ810104;ISOY800102;BAEK050101;LIFS790101;CHOP780101;LEVM780103;ROBB760110;MAXF760103;TANS770108;QIAN880113;FAUJ880108;VELV850101;MUNV940101;MUNV940103;MUNV940105;YUTK870101;EISD860102;ZIMJ680104;DAYM780201;JOND920102;CORJ870107;DESM900101;OOBM770101;OOBM850104;HOPT810101;WOEC730101;CIDH920105;JURD980101;MEEJ800101;MEEJ800102;WIMW960101;CHAM820102;WILM950103;WOLR790101;JACR890101;PONP800102;PRAM820101;RACS770101;RACS770102;PRAM820103;PRAM820102;KARS160114;KARS160107;KARS160103;LEVM760105;ROSM880103;ANDN920101;BUNA790103;VINM940102;KARP850103;ZHOH040101;FAUJ880107;FINA770101
45	0.9	True	CHOC760102;GUYH850104;BIOV880101;JANJ780102;NISK800101;BULH740102;COHE430101;PLIV810101;LEVM760106;TSAJ990101;FASG760101;JUKT750101;CEDJ970102;NAKH920101;FUKS010110;DIGM050101;FUKS010102;FUKS010108;KUMS000104;FUKS010106;MIYS990102;MIYS990104;QIAN880130;QIAN880133;QIAN880134;CHOP780207;GEOR030102;GEOR030107;ONEK900102;GEOR030106;AURR980118;AURR980101;AURR980102;AURR980112;KANM800103;LEVM780104;PALJ810102;QIAN880109;RICJ880112;ROBB760101;QIAN880104;AURR980116;RICJ880113;FINA910104;KIMC930101;RICJ880115;KOEP990101;MAXF760104;TANS770107;PALJ810113;CHOP780206;AURR980104;AURR980105;RICJ880103;FINA910101;RACS820105;CHOP780202;CHOP780208;CHOP780209;CRAJ730102;KANM800102;LEVM780102;PALJ810103;PALJ810111;BURA740102;ISOY800102;QIAN880122;LIFS790101;RACS820106;CHOP780211;CHOP780101;LEVM780103;LEWP710101;PALJ810114;PALJ810115;ROBB760113;PALJ810116;MAXF760103;TANS770108;SUYM030101;RICJ880107;RICJ880111;QIAN880113;FODM020101;FAUJ880112;CHAM830107;FAUJ880111;FAUJ880108;VELV850101;HUTJ700102;OOBM770102;MUNV940101;MUNV940105;YUTK870102;YUTK870103;EISD860102;ZIMJ680104;DAYM780201;JOND920102;WEBA780101;MITS020101;GARJ730101;MCMT640101;CORJ870107;DESM900102;NAKH900110;HOPA770101;OOBM850104;ENGD860101;HOPT810101;KUHL950101;ARGP820101;CIDH920105;EISD840101;KYTJ820101;NADH010102;SWER830101;ZIMJ680101;MEEJ800102;MEEJ810102;LAWE840101;WIMW960101;CHAM820102;WILM950103;WOLR790101;NADH010105;PONP800102;PONP800104;PONP800105;PRAM820101;MEIH800101;MEIH800102;PRAM820103;PRAM820102;KARS160114;KARS160102;CHAM830104;LEVM760102;FAUJ880104;ROSM880103;ANDN920101;BUNA790103;BUNA790101;BHAR880101;KRIW710101;OOBM850105;KARP850103;VINM940104;BASU050102;OOBM850101;FAUJ880107;FINA770101;SUEM840101
50	0.3	False	LINS030104;ZIMJ680102;LINS030101;CEDJ970104;NAKH920103;NAKH900111;MIYS990105;FINA910102;GEOR030103;KANM800101;KANM800103;QIAN880109;FINA910104;MAXF760104;KANM800102;QIAN880126;CHOP780211;CHOP780203;ROBB760113;FAUJ880112;FAUJ880108;ROSG850102;CIDH920105;WOLR790101;KARS160102
50	0.4	False	JANJ780101;LINS030119;LINS030106;NISK800101;NISK860101;CHOC750101;CEDJ970104;NAKH920107;FUKS010106;PUNT030102;MIYS990101;MIYS990104;QIAN880134;FINA910102;GEOR030106;GEIM800101;KANM800101;KANM800103;QIAN880109;FINA910104;MAXF760104;RICJ880101;KANM800102;QIAN880126;CHOP780211;CHOP780101;CHOP780216;FAUJ880112;FAUJ880108;HOPA770101;EISD840101;GOLD730101;KYTJ820101;GUOD860101;KARS160114;KARS160101;PARS000102;KRIW710101
50	0.5	False	LINS030119;LINS030106;GUYH850104;NISK800101;NISK860101;KRIW790103;CEDJ970104;NAKH920107;FUKS010104;FUKS010106;MIYS990101;MIYS990104;QIAN880135;FINA910102;GEOR030106;GEIM800101;KANM800101;KANM800103;QIAN880109;MAXF760104;AURR980103;RICJ880101;KANM800102;PALJ810103;QIAN880126;CHOP780211;CHOP780101;CHOP780216;FAUJ880112;FAUJ880108;ZIMJ680104;DAYM780201;GRAR740102;EISD840101;GOLD730101;KYTJ820101;MEEJ810102;KARS160114;KARS160101;BUNA790103
50	0.6	False	LINS030104;LINS030106;LINS030109;LINS030114;BIOV880101;CHOC760103;LINS030105;ZIMJ680102;LINS030101;CHOC750101;JUKT750101;CEDJ970104;NAKH920101;FUKS010108;FUKS010106;MIYS990104;GEIM800111;FINA910102;AURR980118;ISOY800101;PALJ810101;QIAN880110;QIAN880107;ROBB760103;TANS770109;MAXF760104;FINA910101;RICJ880101;CHOP780202;LEVM780102;QIAN880125;QIAN880115;KANM800104;CHOP780211;CHOP780101;MAXF760103;FAUJ880112;FAUJ880108;MUNV940101;EISD860102;WEBA780101;ZASB820101;NAKH900110;HOPT810101;CIDH920105;EISD840101;RADA880102;SIMZ760101;PONP800102;RACS770102;KARS160117;BUNA790103;KRIW710101;ZHOH040101
50	0.7	False	JANJ780103;LINS030112;LINS030109;LINS030114;LINS030117;NISK860101;LINS030101;BIGC670101;JUKT750101;CEDJ970104;CEDJ970105;FUKS010102;NAKH900109;FUKS010108;OOBM770103;MIYS990104;CHAM830101;GEOR030107;FINA910102;AURR980118;AURR980102;AURR980109;ISOY800101;PALJ810101;QIAN880109;FINA910103;TANS770109;MAXF760104;FINA910101;RICJ880101;CHOP780204;RICJ880106;CHOP780202;LEVM780102;QIAN880125;QIAN880115;ROBB760105;TANS770103;BAEK050101;RACS820110;LEVM780106;ROBB760113;MAXF760103;YUTK870101;ZASB820101;NAKH900110;HOPT810101;PRAM900101;CIDH920105;KYTJ820101;NADH010102;EISD860101;SIMZ760101;KOEH090112;WOLR790101;PONP800102;RACS770102;KARS160107;ANDN920101;BUNA790101;KARP850103;ZHOH040101;FINA770101
50	0.8	False	LINS030113;LINS030104;LINS030109;CHOC760103;LINS030117;PONP800107;NISK860101;BULH740102;ROSG850101;BIGC670101;JUKT750101;NAKH900101;FUKS010110;DIGM050101;FUKS010108;PUNT030102;MIYS990101;MIYS990104;CHAM830101;QIAN880134;GEOR030102;FINA910102;GEOR030106;AURR980118;AURR980101;AURR980102;KANM800103;LEVM780104;PALJ810109;QIAN880109;ROBB760101;FINA910104;BLAM930101;RICJ880110;TANS770109;MAXF760104;CHOP780206;AURR980105;AURR980103;RICJ880101;QIAN880102;CHOP780204;RICJ880105;KANM800102;ROBB760106;QIAN880126;ISOY800102;BAEK050101;LIFS790101;CHOP780211;CHOP780101;MAXF760103;TANS770108;QIAN880113;FAUJ880111;FAUJ880108;VELV850101;MUNV940102;YUTK870101;ZIMJ680104;JOND920102;LEVM760107;HOPA770101;OOBM850104;ENGD860101;KUHL950101;CIDH920105;EISD840101;NADH010102;RADA880108;BROC820101;MEEJ800101;MEEJ810101;SIMZ760101;WIMW960101;KOEH090112;WILM950103;WOLR790101;NADH010105;PONP800102;PRAM820101;RACS770101;RACS770102;PRAM820103;LEVM760104;KARS160114;KARS160101;LEVM760105;ROSM880103;ANDN920101;BUNA790103;VINM940102;VINM940103;KARP850103;FAUJ880107;FINA770101
50	0.9	False	JANJ780101;LINS030107;LINS030106;LINS030109;LINS030114;BIOV880101;BIOV880102;CHOC760103;LINS030117;ZIMJ680102;NISK860101;BULH740102;COHE430101;PLIV810101;ROSG850101;TSAJ990102;JUKT750101;CEDJ970102;NAKH920101;FUKS010110;DIGM050101;FUKS010102;FUKS010108;KUMS000104;FUKS010106;GUYH850101;MIYS990101;MIYS990103;GEIM800111;QIAN880130;QIAN880134;CHOP780207;GEOR030102;GEOR030107;ONEK900102;GEOR030106;AURR980118;AURR980101;AURR980102;ISOY800101;KANM800103;PALJ810101;PALJ810102;QIAN880109;RICJ880112;QIAN880107;QIAN880104;AURR980116;RICJ880113;FINA910104;BLAM930101;AURR980115;CHOP780205;RICJ880110;ISOY800108;TANS770109;KIMC930101;RICJ880115;KOEP990101;PALJ810113;CHOP780206;AURR980104;AURR980105;RICJ880103;FINA910101;AURR980103;RICJ880101;AURR980107;QIAN880102;AURR980106;CHOP780204;RICJ880105;RICJ880106;ROBB760102;RACS820105;CHOP780209;KANM800102;LEVM780102;LEVM780105;PALJ810110;PALJ810111;QIAN880118;QIAN880120;ROBB760106;QIAN880124;QIAN880125;QIAN880126;CHOP780212;KOEP990102;RACS820101;QIAN880114;QIAN880115;QIAN880116;BURA740102;ISOY800102;MAXF760102;RACS820111;TANS770103;QIAN880122;GEIM800106;RACS820106;CHOP780211;CHOP780101;LEVM780106;LEWP710101;PALJ810114;PALJ810115;ROBB760113;PALJ810116;MAXF760103;TANS770108;SUYM030101;RICJ880107;RICJ880111;QIAN880113;FODM020101;CHAM830108;FAUJ880112;CHAM830107;FAUJ880111;FAUJ880108;VELV850101;HUTJ700102;HUTJ700103;OOBM770102;MUNV940101;MUNV940105;YUTK870101;YUTK870102;YUTK870103;EISD860102;ZIMJ680104;DAYM780201;JOND920102;WEBA780101;MITS020101;GARJ730101;ZASB820101;LEVM760107;CORJ870107;DESM900102;NAKH900110;HOPA770101;OOBM850104;ENGD860101;HOPT810101;KOEH090103;KUHL950101;ARGP820101;CIDH920105;EISD840101;KYTJ820101;NADH010104;WILM950101;WILM950102;ZIMJ680101;BROC820101;MEEJ800101;BROC820102;LAWE840101;WIMW960101;CHAM820102;KOEH090112;WILM950103;WOLR790101;PONP800102;PONP800104;PONP800105;PRAM820101;PRAM820103;LEVM760104;PRAM820102;KARS160114;KARS160101;CHAM830104;CHAM830105;LEVM760105;ROSM880103;ANDN920101;BUNA790103;BHAR880101;OOBM850105;KARP850103;VINM940104;ZHOH040101;OOBM850101;FAUJ880107;SUEM840101
50	0.3	True	CHOC760103;ZIMJ680102;NISK860101;KRIW790103;FASG760101;JOND920101;NAKH920101;FUKS010108;MIYS990102;MIYS990104;GEIM800110;GEOR030106;KANM800101;KANM800103;QIAN880108;MAXF760104;AURR980105;KANM800102;LEVM780105;ISOY800105;QIAN880126;CHOP780101;LEVM780103;QIAN880113;FAUJ880112;MUNV940105;ZIMJ680104;PRAM900101;NADH010102;MEEJ810102;SIMZ760101;WOLR790101;PONP800102
50	0.4	True	JANJ780101;CHOC760103;ZIMJ680102;NISK860101;KRIW790103;FASG760101;JOND920101;NAKH920101;FUKS010108;MIYS990102;MIYS990104;GEIM800110;GEOR030106;KANM800101;KANM800103;QIAN880108;MAXF760104;AURR980105;KANM800102;LEVM780105;ISOY800105;QIAN880126;CHOP780101;LEVM780103;QIAN880113;FAUJ880112;MUNV940105;ZIMJ680104;WOEC730101;NADH010102;MEEJ810102;SIMZ760101;WOLR790101;PONP800102
50	0.5	True	CHOC760102;CHOC760103;ZIMJ680102;BIGC670101;JOND920101;CEDJ970105;FUKS010110;NAKH920108;FUKS010106;GUYH850101;MIYS990102;QIAN880131;QIAN880134;GEOR030101;FINA910102;PALJ810102;QIAN880110;BLAM930101;ISOY800108;AURR980105;KANM800102;QIAN880120;QIAN880126;CHOP780101;LEVM780103;QIAN880113;FAUJ880112;FAUJ880111;CORJ870107;ROSG850102;DESM900102;ENGD860101;CIDH920105;EISD840101;BROC820101;RADA880102;SIMZ760101;PONP800102;PRAM820102;KARS160107;KARS160115;VINM940101
50	0.6	True	JANJ780101;ARGP820103;CHOC760103;ZIMJ680102;BULH740102;BIGC670101;JOND920101;NAKH920101;FUKS010110;FUKS010104;FUKS010108;FUKS010106;MIYS990101;MIYS990104;GEIM800110;QIAN880133;QIAN880134;GEOR030101;FINA910102;AURR980101;KANM800101;KANM800103;QIAN880108;FINA910103;QIAN880112;MAXF760104;PALJ810103;ROBB760106;CHOP780212;QIAN880114;CHOP780101;PALJ810105;CHAM830108;FAUJ880112;FAUJ880111;CORJ870107;ROSG850102;DESM900102;PRAM900101;CIDH920105;EISD840101;MEEJ810102;RADA880102;SIMZ760101;PONP800102;MEIH800102;KARS160101;LEVM760105;VINM940102;KRIW710101;KARP850103;PTIO830102
50	0.7	True	BIOV880101;ARGP820103;CHOC760103;COHE430101;ROSG850101;TSAJ990101;JOND920101;NAKH920101;FUKS010104;FUKS010108;KUMS000104;FUKS010106;MIYS990101;MIYS990104;QIAN880134;GEOR030102;FINA910102;AURR980118;CHOP780201;KANM800103;LEVM780101;QIAN880110;QIAN880108;MAXF760104;AURR980106;KANM800102;QIAN880120;ROBB760106;ISOY800105;QIAN880125;QIAN880126;CHOP780212;QIAN880115;TANS770103;CHOP780101;PALJ810105;PRAM900104;TANS770108;RICJ880111;FAUJ880112;VELV850101;MUNV940103;YUTK870101;ZIMJ680104;CORJ870104;DESM900102;OOBM770101;KIDA850101;PRAM900101;CIDH920104;NADH010104;MEEJ810102;RADA880102;SIMZ760101;WOLR790101;PONP800102;PRAM820101;MEIH800102;KARS160114;KARS160101;LEVM760105;BUNA790101;VINM940102;KRIW710101;PTIO830102;FINA770101
50	0.8	True	GUYH850104;ZHOH040103;BULH740102;ROSG850101;BIGC670101;FASG760101;JUKT750101;CEDJ970104;FUKS010110;DIGM050101;FUKS010104;FUKS010103;NAKH900109;NAKH900112;MIYS990101;MIYS990105;CHAM830101;NAGK730103;ROBB760112;ONEK900102;GEOR030106;AURR980118;AURR980101;AURR980102;AURR980109;AURR980112;LEVM780104;QIAN880110;RICJ880112;ROBB760101;QIAN880108;RICJ880110;KOEP990101;MAXF760104;CHOP780206;AURR980105;FINA910101;AURR980103;RICJ880101;QIAN880102;CHOP780204;KANM800102;LEVM780102;QIAN880120;ROBB760106;RACS820101;ISOY800102;BAEK050101;GEIM800107;CHOP780211;CHOP780101;LEVM780106;ROBB760110;MAXF760103;TANS770108;QIAN880113;FAUJ880108;VELV850101;MUNV940101;MUNV940103;MUNV940105;YUTK870101;EISD860102;ZIMJ680104;DAYM780201;JOND920102;WEBA780101;CORJ870107;DESM900102;HOPA770101;OOBM850104;ENGD860101;KIDA850101;ROSM880101;CIDH920105;KYTJ820101;NADH010102;NADH010104;MEEJ810102;NOZY710101;SIMZ760101;WIMW960101;CHAM820102;WILM950103;WOLR790101;PONP800102;PRAM820101;MEIH800102;PRAM820103;LEVM760104;KARS160114;KARS160102;CHAM830104;LEVM760105;ROSM880103;ANDN920101;BUNA790103;BUNA790101;VINM940102;KARP850103;FAUJ880107
50	0.9	True	JANJ780101;ZHOH040103;ARGP820103;JANJ780102;BASU050103;COHE430101;PLIV810101;TSAJ990102;FASG760101;JUKT750101;CEDJ970102;NAKH920101;FUKS010110;DIGM050101;FUKS010102;FUKS010108;KUMS000104;FUKS010106;MIYS990102;MIYS990104;QIAN880130;QIAN880134;CHOP780207;GEOR030102;GEOR030107;ONEK900102;GEOR030106;AURR980118;AURR980101;AURR980102;AURR980112;KANM800103;MAXF760101;PALJ810101;QIAN880109;RICJ880112;ROBB760101;AURR980110;QIAN880106;AURR980116;RICJ880113;FINA910104;CHOP780205;QIAN880112;RICJ880110;TANS770109;KIMC930101;RICJ880115;KOEP990101;MAXF760104;RACS820109;PALJ810113;CHOP780206;AURR980104;AURR980105;RICJ880103;FINA910101;AURR980103;RICJ880101;AURR980107;QIAN880102;AURR980106;CHOP780204;RICJ880105;RICJ880106;ROBB760102;RACS820105;CHOP780209;CRAJ730102;LEVM780105;PALJ810110;PALJ810111;QIAN880118;QIAN880120;ROBB760106;ISOY800105;QIAN880124;QIAN880125;QIAN880126;CHOP780212;KOEP990102;RACS820101;QIAN880114;QIAN880115;QIAN880116;BURA740102;ISOY800102;MAXF760102;RACS820111;TANS770103;QIAN880122;GEIM800106;RACS820106;CHOP780211;CHOP780101;LEVM780106;LEWP710101;PALJ810114;PALJ810115;ROBB760113;PALJ810116;MAXF760103;TANS770108;SUYM030101;RICJ880107;RICJ880111;FODM020101;CHAM830108;FAUJ880112;CHAM830107;FAUJ880111;FAUJ880108;VELV850101;HUTJ700103;MUNV940101;MUNV940105;YUTK870101;YUTK870103;EISD860102;ZIMJ680104;DAYM780201;JOND920102;WEBA780101;MITS020101;GARJ730101;ZASB820101;MCMT640101;CORJ870101;CORJ870107;ROSG850102;HOPA770101;OOBM850104;FAUJ880110;ENGD860101;LEVM760101;CIDH920105;EISD840101;ZIMJ680101;MEEJ800101;MEEJ810102;BROC820102;EISD860101;LAWE840101;SIMZ760101;WIMW960101;CHAM820102;WILM950103;WOLR790101;NADH010105;PONP800102;PONP800104;PONP800105;PRAM820101;MEIH800101;MEIH800102;PRAM820103;LEVM760104;PRAM820102;KARS160114;KARS160101;KARS160102;CHAM830104;CHAM830105;LEVM760102;ROSM880103;ANDN920101;BUNA790103;BUNA790101;BHAR880101;KRIW710101;OOBM850105;KARP850103;VINM940104;ZHOH040102;OOBM850101;PTIO830102;FAUJ880107;PTIO830101
55	0.3	False	LINS030104;LINS030106;JANJ780102;NISK800101;NISK860101;LINS030101;ROSG850101;CEDJ970104;FUKS010106;PUNT030101;MIYS990102;MIYS990104;GEOR030102;FINA910102;AURR980101;KANM800101;KANM800103;QIAN880108;FINA910104;MAXF760104;RICJ880101;KANM800102;LEVM780102;ISOY800105;QIAN880114;BAEK050101;CHOP780101;LEVM780103;FAUJ880112;VELV850101;KOEH090103;SWER830101;MEEJ810102;EISD860101;SIMZ760101;WOLR790101;KARS160101
55	0.4	False	LINS030104;LINS030106;JANJ780102;NISK800101;NISK860101;LINS030101;ROSG850101;CEDJ970104;FUKS010106;PUNT030101;MIYS990102;MIYS990104;FINA910102;GEOR030106;KANM800101;KANM800103;QIAN880108;FINA910104;AURR980119;MAXF760104;RICJ880101;KANM800102;LEVM780102;ISOY800105;QIAN880126;BAEK050101;CHOP780101;LEVM780103;FAUJ880112;FAUJ880108;KOEH090103;SWER830101;MEEJ810102;EISD860101;SIMZ760101;WOLR790101;KARS160101
55	0.5	False	LINS030104;CHOC760103;ZIMJ680102;BASU050103;FAUJ880103;JUKT750101;CEDJ970104;FUKS010104;NAKH900112;FUKS010106;GUYH850101;MIYS990105;QIAN880133;QIAN880137;GEOR030102;FINA910102;GEOR030103;AURR980112;KANM800103;PALJ810101;QIAN880109;ROBB760101;QIAN880106;BLAM930101;MAXF760104;MAXF760105;PALJ810104;QIAN880125;QIAN880115;ROBB760105;GEIM800107;CHOP780101;LEVM780103;GEIM800109;SUYM030101;FAUJ880112;COSI940101;ZIMJ680104;CORJ870107;ROSG850102;KUHL950101;LEVM760101;CIDH920105;MEEJ800102;SIMZ760101;WOLR790101;NADH010106;BLAS910101;PONP800102;MEIH800101;KARS160114;VINM940102;KARP850103;ZHOH040101
55	0.6	False	JANJ780101;LINS030106;BIOV880101;CHOC760103;LINS030101;FAUJ880103;JUKT750101;CEDJ970104;NAKH900112;FUKS010106;GUYH850101;MIYS990104;QIAN880133;QIAN880136;QIAN880137;ROBB760107;FINA910102;GEOR030106;AURR980112;KANM800103;PALJ810101;QIAN880109;ROBB760101;QIAN880106;AURR980119;TANS770109;MAXF760104;PALJ810113;FINA910101;ROBB760102;LEVM780102;QIAN880124;QIAN880126;QIAN880115;ISOY800102;GEIM800107;LIFS790101;CHOP780101;LEVM780103;SUYM030101;CHAM830108;YUTK870102;ZIMJ680104;CORJ870107;DESM900102;KOEH090102;KUHL950101;LEVM760101;WOEC730101;CIDH920105;EISD840101;FAUJ830101;MEEJ800102;MEEJ810102;SIMZ760101;WOLR790101;NADH010105;PONP800102;MEIH800101;VINM940102;PTIO830102
55	0.7	False	LINS030104;LINS030109;LINS030114;CHOC760103;ZIMJ680102;NISK860101;FAUJ880103;KRIW790103;DAYM780101;CEDJ970102;NAKH920101;FUKS010104;FUKS010108;KUMS000104;FUKS010106;MIYS990101;MIYS990104;QIAN880131;QIAN880134;QIAN880138;GEOR030101;ONEK900102;KANM800103;LEVM780101;QIAN880109;ROBB760101;TANS770101;AURR980119;ISOY800106;TANS770109;MAXF760104;AURR980104;FINA910101;ROBB760102;LEVM780102;ROBB760106;ISOY800105;QIAN880125;QIAN880114;GEIM800105;LIFS790101;LEVM780103;ROBB760113;RACS820107;GEIM800109;TANS770108;SUYM030101;QIAN880113;FAUJ880112;YUTK870101;ZIMJ680104;ROSG850102;HOPT810101;KOEH090103;KUHL950101;CIDH920102;CIDH920105;NADH010102;BROC820101;SIMZ760101;WIMW960101;KOEH090112;WOLR790101;NADH010105;PONP800103;MEIH800102;KARS160114;KARS160102;LEVM760105;ANDN920101;BUNA790101;PARS000101;PTIO830102
55	0.8	False	LINS030107;LINS030106;LINS030114;GUYH850104;CHOC760103;ZIMJ680102;NISK860101;BULH740102;BIGC670101;FASG760101;JOND920101;CEDJ970104;DIGM050101;FUKS010104;NAKH900109;FUKS010108;PUNT030102;MIYS990101;MIYS990104;QIAN880131;QIAN880134;ROBB760112;QIAN880138;ROBB760107;QIAN880127;QIAN880128;GEOR030106;AURR980118;AURR980102;AURR980111;KANM800103;LEVM780101;PALJ810101;PALJ810102;QIAN880109;QIAN880106;MAXF760106;AURR980119;TANS770102;QIAN880112;KOEP990101;MAXF760104;AURR980105;RICJ880103;FINA910101;AURR980103;RICJ880101;CHOP780204;KANM800102;LEVM780102;PALJ810104;QIAN880120;ROBB760106;ISOY800105;RACS820101;QIAN880114;QIAN880116;ISOY800102;BAEK050101;CHOP780101;LEVM780103;RACS820107;ROBB760108;ROBB760111;CHOP780213;TANS770108;FAUJ880108;VELV850101;MUNV940103;MUNV940105;YUTK870101;EISD860102;ZIMJ680104;JOND920102;LEVM760107;ROSG850102;OOBM850104;KOEH090103;KUHL950101;WOEC730101;FAUJ830101;PONP930101;RADA880108;BROC820101;MEEJ810101;SIMZ760101;WIMW960101;CHAM820102;KOEH090112;WILM950103;WOLR790101;NADH010105;JACR890101;PRAM820101;PRAM820103;LEVM760104;KARS160114;KARS160106;CHAM830104;LEVM760105;ROSM880103;ANDN920101;BUNA790103;BUNA790101;VINM940103;OOBM850105;KARP850103;TAKK010101
55	0.9	False	LINS030104;LINS030107;LINS030114;BIOV880101;JANJ780102;NISK800101;LINS030117;BASU050101;BULH740102;COHE430101;PLIV810101;TSAJ990101;FASG760101;JUKT750101;CEDJ970102;NAKH920101;KUMS000101;DIGM050101;FUKS010102;FUKS010108;KUMS000104;FUKS010106;GUYH850101;MIYS990101;MIYS990105;GEIM800108;NAGK730103;QIAN880130;QIAN880134;CHOP780207;QIAN880136;QIAN880137;QIAN880138;ROBB760107;QIAN880127;QIAN880128;GEOR030105;GEOR030102;GEOR030107;ONEK900102;GEOR030106;AURR980118;AURR980101;AURR980102;AURR980111;KANM800103;LEVM780101;MAXF760101;NAGK730101;QIAN880109;RICJ880112;ROBB760101;RICJ880109;ROBB760103;QIAN880104;AURR980116;FINA910103;RICJ880113;FINA910104;MAXF760106;AURR980119;ISOY800106;RICJ880116;TANS770102;BLAM930101;CHOP780205;RICJ880110;KIMC930101;RICJ880115;KOEP990101;MAXF760104;RACS820109;TANS770107;PALJ810113;CHOP780206;AURR980104;AURR980105;RICJ880103;FINA910101;AURR980103;RICJ880101;AURR980107;QIAN880102;AURR980106;RICJ880105;RICJ880106;ROBB760102;RACS820105;CHOP780202;CHOP780209;PALJ810103;PALJ810110;PALJ810111;ISOY800105;QIAN880124;QIAN880125;QIAN880126;CHOP780212;KOEP990102;RACS820101;QIAN880114;QIAN880115;QIAN880116;BURA740102;RACS820111;TANS770103;QIAN880122;GEIM800105;GEIM800106;LIFS790101;RACS820106;CHOP780211;CHOP780101;LEVM780103;LEWP710101;PALJ810114;PALJ810115;ROBB760113;PALJ810116;RACS820107;CHOP780214;TANS770105;CHOP780215;ROBB760111;GEIM800109;ROBB760109;TANS770104;MAXF760103;TANS770108;SUYM030101;RICJ880107;RICJ880111;QIAN880113;FODM020101;KLEP840101;CHAM830108;FAUJ880112;CHAM830107;FAUJ880111;FAUJ880108;VELV850101;HUTJ700103;OOBM770102;MUNV940105;YUTK870102;YUTK870103;EISD860102;ZIMJ680104;DAYM780201;JOND920102;WEBA780101;MITS020101;GARJ730101;ZASB820101;MCMT640101;CORJ870102;CORJ870105;DESM900102;NAKH900110;HOPA770101;OOBM850104;GRAR740102;HOPT810101;KOEH090103;KUHL950101;PRAM900101;ZIMJ680103;CIDH920105;EISD840101;JURD980101;NADH010102;ZIMJ680101;MEEJ800101;MEEJ810102;BROC820102;LAWE840101;SIMZ760101;WIMW960101;CHAM820102;KOEH090112;WILM950103;WOLR790101;NADH010105;MANP780101;PONP800102;PONP800104;PONP800105;PRAM820101;MEIH800102;PRAM820103;LEVM760104;PRAM820102;KARS160114;KARS160102;CHAM830104;CHAM830105;LEVM760105;FAUJ880104;ROSM880103;ANDN920101;BUNA790103;BHAR880101;OOBM850105;KARP850103;VINM940104;ZHOH040102;OOBM850101;FAUJ880107;GEOR030108;FINA770101;SUEM840101
55	0.3	True	JANJ780101;CHOC760101;CEDJ970104;NAKH900111;MIYS990104;FINA910102;PALJ810102;QIAN880109;AURR980119;MAXF760104;FINA910101;KANM800102;QIAN880126;LEVM780103;ROBB760113;CHOP780214;YUTK870103;CORJ870107;ROSG850102;ROSM880101;CIDH920105;MEEJ810102;RADA880101;SIMZ760101;PONP800102;KARS160101;VINM940102
55	0.4	True	GUYH850104;NISK860101;BULH740102;CHOC760101;FASG760101;CEDJ970104;NAKH900111;MIYS990105;ROBB760112;QIAN880137;FINA910102;AURR980102;PALJ810102;QIAN880108;AURR980119;QIAN880112;MAXF760104;KANM800102;QIAN880114;LEVM780106;ROBB760113;CHOP780214;ROBB760109;FAUJ880112;COSI940101;ZIMJ680104;ROSG850102;ROSM880101;ARGP820101;CIDH920105;EISD840101;GUOD860101;MEEJ800102;PONP800102;MEIH800101
55	0.5	True	GUYH850104;NISK860101;CHOC760101;FAUJ880103;CEDJ970104;NAKH900111;MIYS990104;QIAN880137;FINA910102;GEOR030106;PALJ810102;QIAN880108;AURR980119;QIAN880112;MAXF760104;FINA910101;KANM800102;QIAN880114;QIAN880116;ISOY800102;CHOP780211;LEVM780106;ROBB760113;CHOP780214;ROBB760109;FAUJ880112;FAUJ880111;COSI940101;JOND920102;ROSG850102;WOEC730101;ROSM880101;CIDH920105;EISD840101;GUOD860101;MEEJ800102;SIMZ760101;PONP800102;MEIH800101
55	0.6	True	GUYH850104;CHOC760103;ZIMJ680102;BASU050101;NISK860101;BIGC670101;JUKT750101;NAKH900101;NAKH920101;FUKS010110;FUKS010104;NAKH920108;FUKS010106;GUYH850101;MIYS990101;MIYS990104;QIAN880134;QIAN880137;FINA910102;AURR980101;KANM800103;LEVM780101;QIAN880110;TANS770101;QIAN880108;ISOY800106;RICJ880110;MAXF760104;PALJ810113;PALJ810104;QIAN880126;TANS770103;GEIM800107;LIFS790101;CHOP780101;PALJ810115;ROBB760113;CHOP780216;CHOP780214;MAXF760103;SUYM030101;FAUJ880112;COSI940101;ZIMJ680104;CORJ870105;PRAM900101;CIDH920105;NADH010102;BROC820101;MEEJ800101;SIMZ760101;CHAM820102;WOLR790101;PONP800102;KARS160114;KARS160101;LEVM760105;BUNA790101;VINM940102;ZHOH040101;GEOR030108
55	0.7	True	GUYH850104;BIOV880101;CHOC760103;NISK800101;WARP780101;BIGC670101;JUKT750101;CEDJ970102;NAKH920101;FUKS010110;FUKS010104;NAKH900109;NAKH900112;NAKH920105;MIYS990102;MIYS990104;ROBB760112;QIAN880136;GEOR030107;FINA910102;GEOR030106;KANM800103;LEVM780104;PALJ810102;QIAN880109;AURR980119;ISOY800106;RICJ880110;KOEP990101;MAXF760104;AURR980104;FINA910101;RICJ880101;CHOP780204;LEVM780105;QIAN880121;QIAN880125;TANS770103;LIFS790101;CHOP780101;CHOP780216;ROBB760108;TANS770108;SUYM030101;KLEP840101;VELV850101;YUTK870101;ZASB820101;CORJ870107;DESM900102;KIDA850101;KUHL950101;PRAM900101;WOEC730101;CIDH920105;EISD840101;NADH010104;MEEJ810102;SIMZ760101;WOLR790101;PONP800106;MEIH800101;MEIH800102;KARS160114;KARS160101;BUNA790102;BUNA790101;KRIW710101;ZHOH040102;FINA770101
55	0.8	True	BIOV880101;BIOV880102;CHOC760103;NISK800101;BULH740102;ROSG850101;BIGC670101;JUKT750101;CEDJ970102;NAKH920101;FUKS010110;DIGM050101;FUKS010104;NAKH900109;FUKS010108;FUKS010105;GUYH850102;MIYS990102;MIYS990103;GEIM800111;QIAN880130;ROBB760112;CHOP780207;ROBB760107;QIAN880127;QIAN880128;ONEK900102;GEOR030106;AURR980118;AURR980101;AURR980102;KANM800103;LEVM780101;MAXF760101;NAGK730101;QIAN880108;MAXF760106;AURR980119;TANS770102;QIAN880112;TANS770109;RICJ880115;MAXF760104;CHOP780206;AURR980104;AURR980103;RICJ880101;KANM800102;ISOY800105;QIAN880126;BURA740102;ISOY800102;GEIM800107;LIFS790101;CHOP780101;CHOP780203;PALJ810105;RACS820107;ROBB760108;ROBB760111;GEIM800109;CHOP780213;MAXF760103;TANS770108;SUYM030101;FAUJ880112;FAUJ880108;VELV850101;MUNV940101;MUNV940105;YUTK870101;EISD860102;ZIMJ680104;DAYM780201;CORJ870107;OOBM770101;OOBM850104;ENGD860101;LEVM760101;WOEC730101;CIDH920105;JOND750101;NADH010102;BROC820101;MEEJ810102;WIMW960101;CHAM820102;WILM950103;WOLR790101;JACR890101;PONP800103;PRAM820101;MEIH800101;PRAM820103;PRAM820102;KARS160114;KARS160107;KARS160102;LEVM760105;ROSM880103;ANDN920101;BUNA790103;BUNA790101;VINM940102;KARP850102;KARP850103;FINA770101
55	0.9	True	CHOC760102;BIOV880102;JANJ780102;NISK860101;BULH740102;COHE430101;PLIV810101;TSAJ990102;FASG760101;JUKT750101;CEDJ970102;NAKH920101;FUKS010110;DIGM050101;FUKS010102;FUKS010108;KUMS000104;FUKS010106;MIYS990102;MIYS990104;QIAN880130;QIAN880132;QIAN880134;CHOP780207;QIAN880136;QIAN880137;QIAN880138;ROBB760107;QIAN880127;QIAN880128;GEOR030105;GEOR030102;GEOR030107;ONEK900102;GEOR030106;AURR980118;AURR980101;AURR980102;AURR980111;GEIM800104;KANM800103;PALJ810101;PALJ810102;QIAN880109;RICJ880112;ROBB760101;AURR980110;RICJ880109;QIAN880104;AURR980116;FINA910103;RICJ880113;FINA910104;MAXF760106;AURR980119;ISOY800106;RICJ880116;TANS770102;CHOP780205;QIAN880112;RICJ880110;KIMC930101;RICJ880115;KOEP990101;MAXF760104;RACS820109;TANS770107;PALJ810113;CHOP780206;AURR980104;AURR980105;RICJ880103;FINA910101;AURR980103;RICJ880101;AURR980107;QIAN880102;AURR980106;CHOP780204;RICJ880105;RICJ880106;ROBB760102;RACS820105;CHOP780202;CHOP780209;CRAJ730102;KANM800102;LEVM780102;LEVM780105;PALJ810111;QIAN880119;ISOY800105;QIAN880124;QIAN880125;QIAN880126;CHOP780212;KOEP990102;RACS820101;QIAN880114;QIAN880115;QIAN880116;BURA740102;ISOY800102;MAXF760102;RACS820111;TANS770103;BAEK050101;LIFS790101;RACS820106;CHOP780211;CHOP780101;CHOP780203;LEVM780103;LEWP710101;PALJ810114;ROBB760113;PALJ810116;RACS820107;CHOP780214;TANS770105;CHOP780215;ROBB760111;GEIM800109;ROBB760109;TANS770104;MAXF760103;TANS770108;SUYM030101;RICJ880107;RICJ880111;FODM020101;KLEP840101;FAUJ880112;CHAM830107;FAUJ880111;FAUJ880108;VELV850101;HUTJ700103;OOBM770102;MUNV940105;YUTK870102;YUTK870103;EISD860102;ZIMJ680104;DAYM780201;JOND920102;WEBA780101;MITS020101;GARJ730101;ZASB820101;MCMT640101;CORJ870102;CORJ870107;DESM900102;NAKH900110;HOPA770101;OOBM770101;OOBM850104;FAUJ880110;ENGD860101;ROSM880101;CIDH920105;EISD840101;KYTJ820101;NADH010102;WILM950101;WILM950102;ZIMJ680101;BROC820101;MEEJ800101;BROC820102;LAWE840101;SIMZ760101;WIMW960101;CHAM820102;WILM950103;WOLR790101;NADH010105;PONP800102;PONP800104;PONP800105;PRAM820101;MEIH800101;MEIH800102;PRAM820103;LEVM760104;PRAM820102;KARS160114;KARS160107;KARS160102;CHAM830104;LEVM760105;ROSM880103;ANDN920101;BUNA790103;BUNA790101;BHAR880101;KRIW710101;OOBM850105;KARP850103;VINM940104;ZHOH040101;ZHOH040102;OOBM850101;FAUJ880107;GEOR030108;FINA770101;SUEM840101
60	0.3	False	JANJ780101;LINS030109;ZIMJ680102;NISK860101;PLIV810101;FASG760101;JOND920101;FUKS010108;MIYS990102;MIYS990104;GEOR030101;KANM800101;KANM800103;QIAN880108;QIAN880112;MAXF760104;FINA910101;PALJ810103;QIAN880126;ROBB760113;CHOP780216;TANS770105;MUNV940105;OOBM770104;EISD840101;NADH010103;ZHOH040101;PTIO830102
60	0.4	False	LINS030106;NISK860101;TSAJ990101;CEDJ970104;FUKS010108;FUKS010106;MIYS990105;CHAM830101;KANM800103;QIAN880110;ROBB760101;FINA910103;ISOY800106;BLAM930101;MAXF760104;AURR980105;FINA910101;CHOP780204;ROBB760106;QIAN880126;ISOY800102;LIFS790101;PALJ810105;ROBB760113;TANS770105;VELV850101;MUNV940105;OOBM770104;JOND920102;ROSG850102;EISD840101;KYTJ820101;NADH010104;MEEJ800102;SIMZ760101;PONP800106;MEIH800101;KARS160114;KARS160101;KRIW790102;ZHOH040101;PTIO830101
60	0.5	False	LINS030104;LINS030107;LINS030114;RACS770103;NISK860101;BULH740102;KRIW790103;CEDJ970104;FUKS010104;FUKS010108;FUKS010106;CHAM830101;QIAN880138;FINA910102;KANM800101;KANM800103;QIAN880110;ROBB760103;ISOY800106;MAXF760104;AURR980104;FINA910101;CHOP780204;RICJ880106;CHOP780202;LEVM780102;ROBB760106;QIAN880115;LEVM780106;PALJ810105;ROBB760113;TANS770105;CHOP780210;KLEP840101;OOBM770104;JOND920102;ROSG850102;HOPT810101;KOEH090103;ZIMJ680103;ARGP820101;EISD840101;KYTJ820101;NADH010104;NOZY710101;PONP800106;RACS770102;KARS160114;KARS160107;KARS160101;FAUJ880101
60	0.6	False	LINS030104;NISK800101;LINS030117;BULH740102;LINS030101;BIGC670101;CEDJ970104;FUKS010104;FUKS010108;FUKS010106;MIYS990105;CHAM830101;FINA910102;KANM800101;KANM800103;QIAN880110;TANS770101;QIAN880108;ISOY800106;BLAM930101;MAXF760104;MAXF760105;FINA910101;AURR980103;CHOP780204;LEVM780102;PALJ810103;ROBB760106;QIAN880125;QIAN880126;QIAN880114;LEVM780106;PALJ810105;ROBB760113;TANS770105;CHOP780210;ZIMJ680104;OOBM770104;CORJ870107;ROSG850102;KOEH090101;KOEH090102;KOEH090103;CIDH920104;EISD840101;KYTJ820101;MEEJ800102;WIMW960101;KOEH090112;RACS770102;KARS160107;KARS160102;FAUJ880102;FAUJ880105;VINM940102;KRIW710101;ZHOH040101;PTIO830102
60	0.7	False	LINS030104;LINS030112;LINS030109;LINS030114;GUYH850104;BIOV880101;CHOC760103;LINS030105;ZIMJ680102;LINS030101;BIGC670101;FASG760101;JUKT750101;CEDJ970102;NAKH920106;FUKS010104;NAKH900109;FUKS010108;KUMS000104;PUNT030102;MIYS990104;CHAM830101;QIAN880134;QIAN880138;FINA910102;GEOR030106;GEIM800101;ISOY800101;KANM800103;LEVM780101;QIAN880109;QIAN880106;ISOY800106;RICJ880110;KOEP990101;MAXF760104;PALJ810113;FINA910101;CHOP780204;LEVM780102;QIAN880121;ROBB760106;QIAN880126;QIAN880114;GEIM800105;LIFS790101;CHOP780216;RACS820107;ROBB760108;TANS770106;TANS770108;SUYM030101;KLEP840101;FAUJ880112;MUNV940103;YUTK870101;VASM830102;WEBA780101;CORJ870104;LEVM760101;PRAM900101;ARGP820101;CIDH920105;NADH010102;MEEJ800102;MEEJ810102;KOEH090112;WOLR790101;PONP800102;PRAM820101;MEIH800101;MEIH800102;KARS160102;FAUJ880102;ANDN920101;BUNA790101;KRIW710101;BASU050102;FAUJ880107
60	0.8	False	LINS030110;LINS030112;LINS030114;GUYH850104;BIOV880101;CHOC760103;WARP780101;LINS030117;BULH740102;BIGC670101;FASG760101;JUKT750101;CEDJ970102;NAKH920106;KUMS000103;DIGM050101;FUKS010104;FUKS010108;PUNT030102;MIYS990105;CHAM830101;QIAN880134;QIAN880137;ROBB760107;QIAN880127;QIAN880128;GEOR030102;FINA910102;GEOR030106;AURR980118;AURR980102;AURR980112;CHOP780201;KANM800103;LEVM780101;PALJ810101;QIAN880110;QIAN880108;AURR980119;RICJ880116;TANS770102;RICJ880115;RACS820109;PALJ810113;RICJ880103;FINA910101;AURR980103;QIAN880102;RACS820102;GEIM800102;LEVM780102;PALJ810103;ROBB760106;QIAN880126;RACS820101;QIAN880114;ISOY800102;BAEK050101;LIFS790101;CHOP780211;CHOP780101;LEVM780106;RACS820107;ROBB760108;CHOP780214;ROBB760111;TANS770108;RICJ880111;QIAN880113;FAUJ880112;FAUJ880111;FAUJ880108;VELV850101;MUNV940102;MUNV940103;YUTK870101;ZIMJ680104;VASM830102;OOBM770104;DAYM780201;CORJ870104;OOBM850104;ENGD860101;HOPT810101;KOEH090102;ARGP820101;CIDH920105;NADH010102;MEEJ800102;MEEJ810102;WIMW960101;KOEH090112;WILM950103;WOLR790101;PONP800102;PRAM820101;MEIH800101;MEIH800102;PRAM820103;PRAM820102;KARS160114;KARS160102;LEVM760105;FAUJ880101;FAUJ880102;FAUJ880105;ROSM880103;ANDN920101;BUNA790103;BUNA790101;OOBM850105;KARP850103;FINA770101
60	0.9	False	LINS030110;LINS030112;LINS030109;LINS030114;GUYH850104;BIOV880101;ARGP820103;NISK800101;LINS030117;BASU050101;BULH740102;COHE430101;TSAJ990102;FASG760101;JUKT750101;CEDJ970102;NAKH920101;FUKS010110;DIGM050101;FUKS010102;FUKS010108;FUKS010106;NAKH900104;PUNT030101;GUYH850102;MIYS990101;MIYS990104;NAGK730103;QIAN880130;QIAN880134;CHOP780207;QIAN880136;QIAN880137;QIAN880138;ROBB760107;QIAN880127;QIAN880128;GEOR030105;GEOR030102;GEOR030107;ONEK900102;GEOR030106;AURR980118;AURR980101;AURR980102;AURR980111;KANM800103;LEVM780101;MAXF760101;QIAN880109;RICJ880112;ROBB760101;QIAN880106;RICJ880109;ROBB760103;AURR980116;RICJ880113;FINA910104;MAXF760106;AURR980119;ISOY800106;RICJ880116;TANS770102;BLAM930101;QIAN880111;QIAN880112;RICJ880110;ISOY800108;TANS770109;KIMC930101;RICJ880115;KOEP990101;PALJ810113;CHOP780206;AURR980104;AURR980105;RICJ880103;FINA910101;AURR980103;RICJ880101;AURR980107;QIAN880102;AURR980106;RICJ880105;RICJ880106;ROBB760102;PALJ810108;QIAN880103;RACS820102;GEIM800102;RACS820105;CHOP780209;PALJ810103;PALJ810104;PALJ810110;PALJ810111;ROBB760106;QIAN880124;QIAN880125;QIAN880126;CHOP780212;KOEP990102;RACS820101;QIAN880114;QIAN880115;QIAN880116;BURA740102;ISOY800102;QIAN880122;GEIM800106;LIFS790101;LIFS790102;RACS820106;CHOP780211;CHOP780101;LEVM780106;LEWP710101;PALJ810114;PALJ810115;ROBB760113;PALJ810116;RACS820107;CHOP780214;TANS770105;CHOP780215;ROBB760111;GEIM800109;ROBB760109;TANS770104;TANS770106;MAXF760103;TANS770108;SUYM030101;RICJ880107;RICJ880111;QIAN880113;FODM020101;CHAM830108;FAUJ880112;CHAM830107;FAUJ880111;FAUJ880108;VELV850101;HUTJ700103;OOBM770102;MUNV940101;MUNV940105;YUTK870102;YUTK870103;RADA880105;EISD860102;ZIMJ680104;VASM830102;OOBM770105;DAYM780201;JOND920102;WEBA780101;MITS020101;GARJ730101;MCMT640101;CORJ870105;HOPA770101;OOBM850104;FASG890101;HOPT810101;KOEH090102;PRAM900101;ZIMJ680103;ARGP820101;CIDH920105;EISD840101;KYTJ820101;NADH010102;SWER830101;ZIMJ680101;GUOD860101;MEEJ800102;MEEJ810102;BROC820102;LAWE840101;WIMW960101;CHAM820102;KOEH090112;WILM950103;WOLR790101;NADH010105;PONP800102;PONP800104;PONP800105;PRAM820101;PRAM820103;LEVM760104;PRAM820102;KARS160114;KARS160102;CHAM830104;CHAM830105;LEVM760105;FAUJ880104;CHAM830103;FAUJ880101;FAUJ880102;FAUJ880105;ROSM880103;ANDN920101;BUNA790103;BHAR880101;OOBM850105;KARP850103;VINM940104;ZHOH040102;OOBM850101;FAUJ880107;GEOR030108;FINA770101;SUEM840101
60	0.3	True	PLIV810101;FAUJ880103;CEDJ970104;FUKS010106;MIYS990105;FINA910102;KANM800103;QIAN880105;ROBB760101;AURR980119;BLAM930101;AURR980115;MAXF760104;LEVM780102;GEIM800105;LIFS790101;CHOP780101;LEVM780103;TANS770105;ROBB760109;FAUJ880112;OOBM770104;ROSG850102;PRAM900101;CIDH920105;KYTJ820101;EISD860101;NOZY710101;WOLR790101;VINM940101;KRIW790102
60	0.4	True	PLIV810101;FASG760101;JOND920101;FUKS010104;FUKS010106;MIYS990105;QIAN880137;FINA910102;KANM800103;QIAN880105;ROBB760101;AURR980119;BLAM930101;AURR980115;MAXF760104;LEVM780102;GEIM800105;LIFS790101;CHOP780101;LEVM780106;RACS820107;ROBB760109;FAUJ880112;ZIMJ680104;ROSG850102;PRAM900101;CIDH920105;KYTJ820101;EISD860101;NOZY710101;WOLR790101;VINM940102
60	0.5	True	JANJ780101;JANJ780102;NISK800101;ZIMJ680102;NISK860101;BIGC670101;CEDJ970104;FUKS010104;NAKH900112;FUKS010106;MIYS990103;CHAM830101;QIAN880134;ROBB760112;GEOR030101;FINA910102;KANM800103;QIAN880109;ROBB760101;BLAM930101;MAXF760104;FINA910101;AURR980103;CHOP780202;QIAN880126;RACS820111;ROBB760105;LEVM780106;ROBB760113;RACS820107;RICJ880111;FAUJ880112;VELV850101;ZIMJ680104;OOBM770104;PRAM900101;CIDH920105;MEEJ800102;WOLR790101;BLAS910101;KARS160115;KARS160101;VINM940102
60	0.6	True	JANJ780101;NISK800101;NISK860101;BIGC670101;FAUJ880103;CEDJ970104;DIGM050101;FUKS010104;FUKS010108;FUKS010106;MIYS990101;MIYS990104;CHAM830101;FINA910102;AURR980112;ISOY800101;QIAN880110;TANS770101;ROBB760103;RICJ880110;MAXF760104;FINA910101;AURR980103;CHOP780204;LEVM780102;ROBB760106;ISOY800105;QIAN880126;TANS770103;LIFS790101;LEVM780103;ROBB760113;TANS770104;MONM990101;SUYM030101;COSI940101;MUNV940101;ZIMJ680104;OOBM770104;JOND920102;MITS020101;ROSG850102;LEVM760101;ROSM880101;CIDH920105;KYTJ820101;SWER830101;MEEJ800102;MEEJ810101;WILM950103;WOLR790101;BLAS910101;RACS770102;KARS160114;KARS160102;FAUJ880101;VINM940102;PTIO830102;SUEM840101
60	0.7	True	JANJ780103;JANJ780102;GOLD730102;DAYM780101;CEDJ970102;FUKS010110;FUKS010104;FUKS010108;MIYS990102;MIYS990104;CHAM830101;ROBB760112;GEOR030106;AURR980112;KANM800103;LEVM780104;MAXF760101;NAGK730101;QIAN880105;QIAN880109;RACS820108;MAXF760106;TANS770102;KOEP990101;MAXF760104;ROBB760102;LEVM780102;PALJ810103;PALJ810104;QIAN880120;ISOY800105;QIAN880116;ROBB760105;GEIM800107;LEVM780103;TANS770110;RACS820107;CHOP780213;TANS770108;FAUJ880112;VELV850101;MUNV940105;YUTK870101;YUTK870103;ZIMJ680104;OOBM770104;DAYM780201;CORJ870102;CORJ870104;ROSG850102;PRAM900101;ROSM880101;MIYS850101;CIDH920105;EISD840101;KYTJ820101;NADH010104;BROC820101;MEEJ810101;EISD860101;SIMZ760101;WIMW960101;WOLR790101;PONP800102;PRAM820101;RACS770102;LEVM760104;KARS160114;KARS160101;CHAM830104;LEVM760105;FAUJ880101;ROSM880103;ANDN920101;BUNA790103;BUNA790101;VINM940102;VINM940103;KRIW710101;BASU050102
60	0.8	True	CHOC760103;WARP780101;NISK860101;BULH740102;CHOC760101;ROSG850101;BIGC670101;JUKT750101;CEDJ970102;NAKH920101;FUKS010110;KUMS000103;DIGM050101;FUKS010104;NAKH900112;NAKH920105;MIYS990101;MIYS990104;CHAM830101;QIAN880135;ROBB760112;QIAN880138;ROBB760107;QIAN880127;QIAN880128;GEOR030102;GEOR030106;AURR980118;BURA740101;GEIM800104;KANM800103;MAXF760101;QIAN880106;QIAN880108;RICJ880116;TANS770102;QIAN880111;KOEP990101;MAXF760104;CHOP780206;AURR980105;FINA910101;AURR980103;RICJ880101;AURR980106;GEIM800102;KANM800102;LEVM780102;ISOY800105;QIAN880124;RACS820101;ROBB760105;GEIM800107;LIFS790101;LEVM780106;PALJ810106;TANS770110;RACS820107;ROBB760108;TANS770105;ROBB760111;GEIM800109;CHOP780213;MAXF760103;TANS770108;SUYM030101;QIAN880113;FAUJ880112;FAUJ880108;VELV850101;MUNV940101;MUNV940103;MUNV940105;YUTK870101;YUTK870103;EISD860102;ZIMJ680104;VASM830102;OOBM770104;DAYM780201;JOND920102;LEVM760107;CORJ870102;CORJ870104;DESM900101;OOBM770101;OOBM850104;ENGD860101;LEVM760101;WOEC730101;CIDH920105;EISD840101;NADH010104;RADA880108;GUOD860101;MEEJ810101;SIMZ760101;CHAM820102;WILM950103;WOLR790101;PONP800102;PRAM820101;MEIH800101;PRAM820103;LEVM760104;KARS160114;KARS160101;FAUJ880101;LEVM760103;FAUJ880102;ROSM880103;ANDN920101;BUNA790103;BUNA790101;VINM940102;KARP850103;FINA770101
60	0.9	True	JANJ780101;ARGP820103;BASU050101;COHE430101;PLIV810101;TSAJ990102;FASG760101;JUKT750101;CEDJ970102;NAKH920101;FUKS010110;DIGM050101;FUKS010102;FUKS010108;KUMS000104;FUKS010106;NAKH900104;MIYS990102;MIYS990104;BULH740101;QIAN880130;QIAN880134;CHOP780207;QIAN880136;QIAN880137;QIAN880138;ROBB760107;QIAN880127;QIAN880128;GEOR030105;GEOR030102;GEOR030107;ONEK900102;GEOR030106;AURR980118;AURR980101;AURR980102;BURA740101;KANM800103;LEVM780101;MAXF760101;PALJ810101;QIAN880105;QIAN880109;RICJ880112;AURR980110;QIAN880104;AURR980116;RICJ880113;FINA910104;MAXF760106;AURR980119;ISOY800106;RICJ880116;TANS770102;BLAM930101;CHOP780205;QIAN880111;RICJ880110;TANS770109;KIMC930101;RICJ880115;KOEP990101;MAXF760104;RACS820109;PALJ810113;CHOP780206;AURR980104;AURR980105;RICJ880103;FINA910101;AURR980103;RICJ880101;AURR980107;QIAN880102;AURR980106;CHOP780204;RICJ880105;RICJ880106;ROBB760102;PALJ810108;QIAN880103;RACS820102;GEIM800102;RACS820105;CHOP780202;CHOP780209;CRAJ730102;PALJ810103;PALJ810111;QIAN880120;QIAN880124;QIAN880125;QIAN880126;CHOP780212;KOEP990102;RACS820101;QIAN880114;QIAN880115;QIAN880116;BURA740102;ISOY800102;BAEK050101;LIFS790101;LIFS790102;RACS820106;CHOP780211;CHOP780101;LEVM780103;LEWP710101;PALJ810114;PALJ810115;ROBB760113;PALJ810116;RACS820107;CHOP780214;CHOP780215;ROBB760111;GEIM800109;ROBB760109;TANS770104;MONM990101;TANS770106;MAXF760103;TANS770108;SUYM030101;RICJ880107;RICJ880111;QIAN880113;FODM020101;CHAM830108;FAUJ880112;CHAM830107;FAUJ880111;FAUJ880108;VELV850101;HUTJ700103;OOBM770102;MUNV940101;MUNV940105;YUTK870101;YUTK870103;RADA880107;EISD860102;ZIMJ680104;VASM830102;OOBM770105;DAYM780201;JOND920102;WEBA780101;MITS020101;GARJ730101;MCMT640101;CORJ870102;CORJ870104;CORJ870105;ROSG850102;HOPA770101;OOBM850104;FAUJ880110;ENGD860101;LEVM760101;ARGP820101;CIDH920105;EISD840101;KYTJ820101;WILM950101;WILM950102;ZIMJ680101;BROC820101;MEEJ810101;BROC820102;LAWE840101;WIMW960101;CHAM820102;WILM950103;WOLR790101;NADH010105;PONP800102;PONP800104;PONP800105;PRAM820101;MEIH800101;MEIH800102;PRAM820103;PRAM820102;KARS160114;KARS160102;CHAM830104;CHAM830105;LEVM760102;CHAM830103;FAUJ880101;FAUJ880102;FAUJ880105;ROSM880103;ANDN920101;BUNA790103;BHAR880101;KRIW710101;OOBM850105;KARP850103;VINM940104;ZHOH040102;OOBM850101;FAUJ880107;FINA770101;SUEM840101
